seed,epoch,train_loss,val_loss
42,1,1.0271357297897339,1.1311832666397095
42,2,1.0219297409057617,1.1262637376785278
42,3,1.0174275636672974,1.1219152212142944
42,4,1.0134427547454834,1.118170976638794
42,5,1.0097837448120117,1.1146985292434692
42,6,1.0060867071151733,1.1109410524368286
42,7,1.0016961097717285,1.106408715248108
42,8,0.995943009853363,1.0997331142425537
42,9,0.9878445267677307,1.0900616645812988
42,10,0.9749085307121277,1.0732327699661255
42,11,0.9543665647506714,1.045988917350769
42,12,0.924114465713501,1.0046935081481934
42,13,0.8882576823234558,0.9564293622970581
42,14,0.8554278612136841,0.9146386981010437
42,15,0.8253419995307922,0.8806831240653992
42,16,0.7970472574234009,0.8510840535163879
42,17,0.7721072435379028,0.8253471851348877
42,18,0.7498182058334351,0.8051266670227051
42,19,0.7286270260810852,0.7870519757270813
42,20,0.7094348669052124,0.7711155414581299
42,21,0.6913655996322632,0.755500316619873
42,22,0.6753544211387634,0.7416178584098816
42,23,0.6616716980934143,0.7303245067596436
42,24,0.6488898396492004,0.7185496687889099
42,25,0.6373653411865234,0.7076964378356934
42,26,0.6266627907752991,0.6953406929969788
42,27,0.6172120571136475,0.6859024167060852
42,28,0.608174204826355,0.6736962199211121
42,29,0.5997244119644165,0.6660820245742798
42,30,0.5917336940765381,0.6560090780258179
42,31,0.5839598774909973,0.6482904553413391
42,32,0.5767892599105835,0.6405737400054932
42,33,0.5696507096290588,0.6329116821289062
42,34,0.5625789761543274,0.6251634359359741
42,35,0.5553596019744873,0.6165977120399475
42,36,0.5487183928489685,0.6105648875236511
42,37,0.5412123203277588,0.6015763282775879
42,38,0.5333139896392822,0.5951665639877319
42,39,0.5266191363334656,0.5882439017295837
42,40,0.5191182494163513,0.5812983512878418
42,41,0.512275755405426,0.5750619173049927
42,42,0.5063861608505249,0.5701996088027954
42,43,0.5015918016433716,0.5631276965141296
42,44,0.4974779486656189,0.5593369603157043
42,45,0.4940859377384186,0.5571900010108948
42,46,0.4910643994808197,0.553694486618042
42,47,0.4886292815208435,0.5516295433044434
42,48,0.4868320822715759,0.5501611232757568
42,49,0.48509344458580017,0.5473597645759583
42,50,0.48354896903038025,0.5461186170578003
42,51,0.48198652267456055,0.542056143283844
42,52,0.4806661307811737,0.5374099612236023
42,53,0.47942328453063965,0.5358099937438965
42,54,0.4781946837902069,0.5361074209213257
42,55,0.4769684374332428,0.5342170596122742
42,56,0.4759761095046997,0.5337993502616882
42,57,0.47502434253692627,0.5349452495574951
42,58,0.4740195572376251,0.533157229423523
42,59,0.4731614589691162,0.5309977531433105
42,60,0.47223812341690063,0.5284161567687988
42,61,0.47125184535980225,0.5269284248352051
42,62,0.47036832571029663,0.5247049927711487
42,63,0.4694843590259552,0.5234983563423157
42,64,0.4686223864555359,0.5231633186340332
42,65,0.46777471899986267,0.5227771401405334
42,66,0.46700674295425415,0.5236568450927734
42,67,0.46622344851493835,0.5228809118270874
42,68,0.465409517288208,0.521774411201477
42,69,0.4645993113517761,0.518679678440094
42,70,0.46379077434539795,0.5173913240432739
42,71,0.46302035450935364,0.5164445042610168
42,72,0.46222051978111267,0.5155286192893982
42,73,0.4614492952823639,0.5146051645278931
42,74,0.4605763852596283,0.5146812200546265
42,75,0.45981305837631226,0.5128294825553894
42,76,0.4590429663658142,0.5124865770339966
42,77,0.4582293927669525,0.5111194252967834
42,78,0.4574017822742462,0.5111666917800903
42,79,0.45654335618019104,0.5097364187240601
42,80,0.45575249195098877,0.5077298879623413
42,81,0.45487314462661743,0.5074105262756348
42,82,0.4540124237537384,0.5072612762451172
42,83,0.45305752754211426,0.5051268339157104
42,84,0.4521082937717438,0.5042645335197449
42,85,0.4512404501438141,0.502122163772583
42,86,0.4503098726272583,0.5023844242095947
42,87,0.44936603307724,0.5010846853256226
42,88,0.4483667016029358,0.5015289783477783
42,89,0.44733527302742004,0.5012556910514832
42,90,0.44635385274887085,0.49950817227363586
42,91,0.44534191489219666,0.496910959482193
42,92,0.44427937269210815,0.4964165985584259
42,93,0.4432474970817566,0.49505576491355896
42,94,0.44218605756759644,0.49465200304985046
42,95,0.4412159025669098,0.4940626323223114
42,96,0.44027456641197205,0.49353665113449097
42,97,0.43933215737342834,0.4938150942325592
42,98,0.438279390335083,0.4921240210533142
42,99,0.43728604912757874,0.49161601066589355
42,100,0.43625766038894653,0.4895781874656677
42,101,0.43527281284332275,0.48723915219306946
42,102,0.4343377947807312,0.4874865710735321
42,103,0.43340250849723816,0.48692819476127625
42,104,0.4324488341808319,0.48505905270576477
42,105,0.43159717321395874,0.48345085978507996
42,106,0.43058690428733826,0.48158204555511475
42,107,0.4296617805957794,0.48150140047073364
42,108,0.4286916255950928,0.48165205121040344
42,109,0.42782872915267944,0.4826031029224396
42,110,0.4268864095211029,0.4826280176639557
42,111,0.42598146200180054,0.4807995557785034
42,112,0.42508465051651,0.4812907576560974
42,113,0.4243021011352539,0.4787890911102295
42,114,0.42335188388824463,0.48017486929893494
42,115,0.42242151498794556,0.47721976041793823
42,116,0.4215835928916931,0.47638654708862305
42,117,0.42069685459136963,0.4775749444961548
42,118,0.4199097752571106,0.4764064848423004
42,119,0.4192361533641815,0.47797706723213196
42,120,0.41843315958976746,0.47506844997406006
42,121,0.4176308512687683,0.4757874310016632
42,122,0.41679438948631287,0.4740999937057495
42,123,0.4159451425075531,0.47281286120414734
42,124,0.41522926092147827,0.47185319662094116
42,125,0.41439101099967957,0.47035500407218933
42,126,0.4136090576648712,0.47099602222442627
42,127,0.4127700626850128,0.4697056710720062
42,128,0.41207337379455566,0.46845337748527527
42,129,0.41124895215034485,0.46929463744163513
42,130,0.41057801246643066,0.4693860709667206
42,131,0.40989404916763306,0.46788033843040466
42,132,0.4092433750629425,0.4673055410385132
42,133,0.4085237681865692,0.46872037649154663
42,134,0.4077974259853363,0.46628624200820923
42,135,0.4072098135948181,0.4660532474517822
42,136,0.40640538930892944,0.4661608934402466
42,137,0.40581372380256653,0.4654458165168762
42,138,0.40512701869010925,0.46354764699935913
42,139,0.40445855259895325,0.46256744861602783
42,140,0.4038931131362915,0.46089860796928406
42,141,0.4032774269580841,0.46220454573631287
42,142,0.4025232195854187,0.4625437259674072
42,143,0.40188854932785034,0.46108004450798035
42,144,0.40125584602355957,0.46404215693473816
42,145,0.4006451666355133,0.4641125500202179
42,146,0.40006202459335327,0.4618936777114868
42,147,0.39940860867500305,0.46341198682785034
42,148,0.3988303244113922,0.4618243873119354
42,149,0.3984028697013855,0.4628358781337738
42,150,0.3977995812892914,0.4578520357608795
42,151,0.39708712697029114,0.4593612849712372
42,152,0.39663171768188477,0.4614531099796295
42,153,0.39602845907211304,0.4573322534561157
42,154,0.3954251706600189,0.45866644382476807
42,155,0.39484721422195435,0.4606249928474426
42,156,0.3942609131336212,0.46077674627304077
42,157,0.3937564790248871,0.4606550633907318
42,158,0.3932850658893585,0.4583877623081207
42,159,0.39279764890670776,0.45939308404922485
42,160,0.39229199290275574,0.45789602398872375
42,161,0.3917260468006134,0.4600410759449005
42,162,0.39117541909217834,0.45816919207572937
42,163,0.39076367020606995,0.46050703525543213
42,164,0.39012444019317627,0.46043041348457336
42,165,0.3896070122718811,0.4565933644771576
42,166,0.3892121911048889,0.4570673406124115
42,167,0.38866084814071655,0.45720598101615906
42,168,0.388154536485672,0.4592124819755554
42,169,0.3876760005950928,0.45886486768722534
42,170,0.387168824672699,0.4599882662296295
42,171,0.3866170346736908,0.4589161276817322
42,172,0.3861391544342041,0.4580964148044586
42,173,0.38568219542503357,0.459351122379303
42,174,0.3851993680000305,0.46029675006866455
42,175,0.3847735524177551,0.4580322206020355
42,176,0.3841983377933502,0.4605529010295868
42,177,0.3838176429271698,0.46183863282203674
42,178,0.3833070397377014,0.45907869935035706
42,179,0.3829081654548645,0.45850715041160583
42,180,0.3825301229953766,0.45828357338905334
42,181,0.38203099370002747,0.460700124502182
42,182,0.38167980313301086,0.4609971046447754
42,183,0.38114768266677856,0.4596084654331207
42,184,0.3807235658168793,0.46141517162323
42,185,0.38036054372787476,0.46084412932395935
42,186,0.3799087107181549,0.4571569561958313
42,187,0.3794306516647339,0.4598817825317383
42,188,0.37897515296936035,0.45929959416389465
42,189,0.37857934832572937,0.45984330773353577
42,190,0.3781682252883911,0.4591716229915619
42,191,0.3777587413787842,0.4592057764530182
42,192,0.37744420766830444,0.4584920108318329
42,193,0.3769230544567108,0.46093520522117615
42,194,0.3765934407711029,0.46317344903945923
42,195,0.3760219216346741,0.46000155806541443
42,196,0.375606894493103,0.4620387554168701
42,197,0.37515389919281006,0.46254482865333557
42,198,0.37475550174713135,0.46205055713653564
42,199,0.3744049370288849,0.46053841710090637
42,200,0.3740176558494568,0.4614142179489136
42,201,0.3736546039581299,0.4610615670681
42,202,0.37326884269714355,0.4620254337787628
42,203,0.372824490070343,0.4616217315196991
42,204,0.3724071979522705,0.46154332160949707
42,205,0.37215328216552734,0.4622690677642822
43,1,1.0281085968017578,0.9653530120849609
43,2,1.0219998359680176,0.9614798426628113
43,3,1.0171802043914795,0.9584506154060364
43,4,1.0128201246261597,0.9557138681411743
43,5,1.009126901626587,0.9532273411750793
43,6,1.0056467056274414,0.950934112071991
43,7,1.0020902156829834,0.9483574032783508
43,8,0.9981256723403931,0.945120096206665
43,9,0.9932969212532043,0.9410116076469421
43,10,0.9865015745162964,0.9343900680541992
43,11,0.9764735698699951,0.9242121577262878
43,12,0.960308313369751,0.9068443775177002
43,13,0.9358322620391846,0.8813945651054382
43,14,0.9048815965652466,0.8508215546607971
43,15,0.8709024786949158,0.8208748698234558
43,16,0.8397716879844666,0.7948710322380066
43,17,0.8129854202270508,0.7715095281600952
43,18,0.7873877882957458,0.7529596090316772
43,19,0.7634273171424866,0.734622061252594
43,20,0.7381862998008728,0.7159613966941833
43,21,0.7108876705169678,0.693791925907135
43,22,0.6806838512420654,0.6680188179016113
43,23,0.652539074420929,0.6427197456359863
43,24,0.6294581890106201,0.621699333190918
43,25,0.6099112629890442,0.603516161441803
43,26,0.5938414335250854,0.5887505412101746
43,27,0.5812158584594727,0.5785111784934998
43,28,0.5701624751091003,0.5673704743385315
43,29,0.5617626905441284,0.5593463778495789
43,30,0.5548698306083679,0.5526694059371948
43,31,0.5494038462638855,0.5468458533287048
43,32,0.5448606610298157,0.5413216352462769
43,33,0.5407469868659973,0.537617564201355
43,34,0.5369793176651001,0.5331418514251709
43,35,0.533612847328186,0.5294219255447388
43,36,0.5305951833724976,0.5262840986251831
43,37,0.5273866057395935,0.5227287411689758
43,38,0.5244699120521545,0.5194858908653259
43,39,0.5217784643173218,0.5162227749824524
43,40,0.519102156162262,0.5134245753288269
43,41,0.5165188908576965,0.5106693506240845
43,42,0.5139083862304688,0.5073063969612122
43,43,0.5114436149597168,0.5044620037078857
43,44,0.5090765357017517,0.5036683082580566
43,45,0.5065057277679443,0.5018049478530884
43,46,0.5040505528450012,0.4988560080528259
43,47,0.5014835596084595,0.4957083463668823
43,48,0.49901559948921204,0.49270471930503845
43,49,0.49653491377830505,0.49006617069244385
43,50,0.494181364774704,0.4859403371810913
43,51,0.4918154180049896,0.48441603779792786
43,52,0.48940062522888184,0.48244065046310425
43,53,0.48657840490341187,0.4770021438598633
43,54,0.4840277135372162,0.475308895111084
43,55,0.48150399327278137,0.4724334478378296
43,56,0.4790441393852234,0.47079432010650635
43,57,0.476578027009964,0.4680115580558777
43,58,0.474352091550827,0.46590861678123474
43,59,0.47226086258888245,0.46372324228286743
43,60,0.4700104296207428,0.4620245397090912
43,61,0.4679276645183563,0.46088743209838867
43,62,0.4659026563167572,0.46054691076278687
43,63,0.4638938903808594,0.4583606719970703
43,64,0.4617935121059418,0.4547702670097351
43,65,0.46006152033805847,0.4528319537639618
43,66,0.4581718444824219,0.4511457085609436
43,67,0.4563508629798889,0.4500832259654999
43,68,0.4546993374824524,0.4472683370113373
43,69,0.45293769240379333,0.4451184570789337
43,70,0.4512966573238373,0.44465216994285583
43,71,0.44977903366088867,0.44518306851387024
43,72,0.44838520884513855,0.44437336921691895
43,73,0.44671332836151123,0.44243088364601135
43,74,0.4453084468841553,0.4400944411754608
43,75,0.4440861940383911,0.4389069080352783
43,76,0.4426015317440033,0.4382201135158539
43,77,0.4414334297180176,0.43534374237060547
43,78,0.44000503420829773,0.436881959438324
43,79,0.43872910737991333,0.43561020493507385
43,80,0.4376474916934967,0.434814989566803
43,81,0.43661776185035706,0.4340374767780304
43,82,0.4356541931629181,0.43348100781440735
43,83,0.4344937801361084,0.4356386959552765
43,84,0.4334051311016083,0.4341704845428467
43,85,0.43241026997566223,0.4325934648513794
43,86,0.4313797056674957,0.42992377281188965
43,87,0.4302009642124176,0.43039655685424805
43,88,0.42881113290786743,0.43003541231155396
43,89,0.4275561571121216,0.430204838514328
43,90,0.42648017406463623,0.4310111701488495
43,91,0.42529404163360596,0.42958223819732666
43,92,0.42440319061279297,0.42837563157081604
43,93,0.4232596158981323,0.4287034273147583
43,94,0.4221040904521942,0.43014562129974365
43,95,0.42106810212135315,0.4282047748565674
43,96,0.4200890064239502,0.4273607134819031
43,97,0.4192962348461151,0.42656901478767395
43,98,0.41814684867858887,0.42607229948043823
43,99,0.4172319769859314,0.4269770085811615
43,100,0.41604945063591003,0.4246691167354584
43,101,0.4151158928871155,0.4256903827190399
43,102,0.41413450241088867,0.4245872497558594
43,103,0.41332870721817017,0.42259564995765686
43,104,0.4121074676513672,0.4193660318851471
43,105,0.410843163728714,0.4196839928627014
43,106,0.4095688462257385,0.42011353373527527
43,107,0.40853551030158997,0.41791868209838867
43,108,0.4069920778274536,0.41689184308052063
43,109,0.4056498408317566,0.41504865884780884
43,110,0.4044276177883148,0.41348227858543396
43,111,0.40311235189437866,0.412716269493103
43,112,0.40159115195274353,0.4111047089099884
43,113,0.39982590079307556,0.40866807103157043
43,114,0.39812302589416504,0.4078528583049774
43,115,0.3962484300136566,0.40514901280403137
43,116,0.3943405747413635,0.4027063548564911
43,117,0.39263248443603516,0.4014231562614441
43,118,0.39094629883766174,0.3983627259731293
43,119,0.3893526494503021,0.3969224989414215
43,120,0.3875958323478699,0.39514464139938354
43,121,0.3862932026386261,0.39159849286079407
43,122,0.38490206003189087,0.3889009356498718
43,123,0.38372746109962463,0.38850128650665283
43,124,0.38262230157852173,0.3892380893230438
43,125,0.38156914710998535,0.387935608625412
43,126,0.38082724809646606,0.3876988887786865
43,127,0.3798311948776245,0.38719239830970764
43,128,0.378952294588089,0.38555586338043213
43,129,0.3781333565711975,0.3844684958457947
43,130,0.3772946298122406,0.38434621691703796
43,131,0.37657660245895386,0.38252896070480347
43,132,0.3758007287979126,0.38275375962257385
43,133,0.3751816749572754,0.3850090801715851
43,134,0.3743440508842468,0.3810054361820221
43,135,0.37358537316322327,0.38021063804626465
43,136,0.3729323446750641,0.3805832862854004
43,137,0.37232518196105957,0.3778240382671356
43,138,0.37188470363616943,0.3772914409637451
43,139,0.37125641107559204,0.3777047395706177
43,140,0.3707134425640106,0.3785569667816162
43,141,0.3700251579284668,0.3790362775325775
43,142,0.3692837059497833,0.37710559368133545
43,143,0.3687814474105835,0.3757666349411011
43,144,0.3684169352054596,0.377702921628952
43,145,0.3678731322288513,0.3776056170463562
43,146,0.3674977123737335,0.3771432042121887
43,147,0.3669917583465576,0.3755073547363281
43,148,0.3665330708026886,0.3732801079750061
43,149,0.3660196363925934,0.373128205537796
43,150,0.3654278516769409,0.37369129061698914
43,151,0.3650815784931183,0.37395334243774414
43,152,0.3645962178707123,0.37319496273994446
43,153,0.3642500638961792,0.37209320068359375
43,154,0.363826185464859,0.3728855848312378
43,155,0.3636465072631836,0.37290456891059875
43,156,0.36306020617485046,0.37465840578079224
43,157,0.36283212900161743,0.3717430531978607
43,158,0.362368106842041,0.3742734491825104
43,159,0.36184161901474,0.3745241165161133
43,160,0.3615637719631195,0.372596800327301
43,161,0.36139652132987976,0.37049487233161926
43,162,0.36091458797454834,0.37189093232154846
43,163,0.36071720719337463,0.3709973096847534
43,164,0.36026719212532043,0.3721558451652527
43,165,0.3599165976047516,0.3732652962207794
43,166,0.35995954275131226,0.37545737624168396
43,167,0.35956546664237976,0.3723003566265106
43,168,0.3592468202114105,0.3753400444984436
43,169,0.3592517077922821,0.3788950741291046
43,170,0.3586282432079315,0.3777131736278534
43,171,0.3580348789691925,0.3774765729904175
43,172,0.3578200340270996,0.3759923279285431
43,173,0.3575282394886017,0.37460196018218994
43,174,0.3573785722255707,0.3767045736312866
43,175,0.35688725113868713,0.3768473267555237
43,176,0.3565090000629425,0.3757122755050659
43,177,0.3562585115432739,0.37481486797332764
43,178,0.3559727966785431,0.373258501291275
43,179,0.3558993637561798,0.37399041652679443
43,180,0.3555282652378082,0.37299540638923645
43,181,0.3551536798477173,0.37318530678749084
43,182,0.3549984395503998,0.3726288676261902
43,183,0.35460546612739563,0.37210312485694885
43,184,0.35420382022857666,0.3723308742046356
43,185,0.3539705276489258,0.3713575303554535
43,186,0.35406479239463806,0.3748181164264679
43,187,0.3537982702255249,0.37789463996887207
43,188,0.3534252643585205,0.3768642544746399
43,189,0.3532203733921051,0.37599512934684753
43,190,0.3530493378639221,0.3787032961845398
43,191,0.3526477515697479,0.37865468859672546
43,192,0.3524961471557617,0.3781154751777649
43,193,0.35238510370254517,0.3749268352985382
43,194,0.35189110040664673,0.3760659694671631
43,195,0.35158467292785645,0.3767789900302887
43,196,0.35141825675964355,0.3738754093647003
43,197,0.35126492381095886,0.3761956989765167
43,198,0.35083258152008057,0.3763343393802643
43,199,0.35065361857414246,0.37753039598464966
43,200,0.3503202199935913,0.37714993953704834
43,201,0.3500520586967468,0.37547218799591064
44,1,1.027936339378357,1.050864338874817
44,2,1.0214459896087646,1.0431733131408691
44,3,1.0151797533035278,1.035615086555481
44,4,1.0082587003707886,1.027180790901184
44,5,0.9998858571052551,1.017409086227417
44,6,0.988267719745636,1.003653645515442
44,7,0.9727862477302551,0.9860674142837524
44,8,0.9528990983963013,0.9639623761177063
44,9,0.9290657043457031,0.9385383129119873
44,10,0.9041681885719299,0.9132454991340637
44,11,0.8802773356437683,0.889398992061615
44,12,0.8580080270767212,0.8670099973678589
44,13,0.8386390209197998,0.8479372262954712
44,14,0.8205053210258484,0.8285537958145142
44,15,0.801240861415863,0.8087394833564758
44,16,0.7795440554618835,0.786491334438324
44,17,0.7565044164657593,0.7631697654724121
44,18,0.730097770690918,0.7351311445236206
44,19,0.7029319405555725,0.7041611671447754
44,20,0.6764301657676697,0.6735426187515259
44,21,0.6531034111976624,0.6473271250724792
44,22,0.6331766247749329,0.6268894672393799
44,23,0.6152984499931335,0.607438862323761
44,24,0.5996054410934448,0.5901814103126526
44,25,0.5857681632041931,0.5758698582649231
44,26,0.5736472606658936,0.5636211037635803
44,27,0.5634689927101135,0.5561311841011047
44,28,0.5549834966659546,0.5481841564178467
44,29,0.5481300354003906,0.5409265160560608
44,30,0.5424684882164001,0.536236047744751
44,31,0.5373910069465637,0.5325630903244019
44,32,0.5331073999404907,0.5283146500587463
44,33,0.5291829705238342,0.5260728597640991
44,34,0.5259249806404114,0.5242540836334229
44,35,0.5229300856590271,0.5223097801208496
44,36,0.5202500820159912,0.520035982131958
44,37,0.517939567565918,0.5180564522743225
44,38,0.5158794522285461,0.5165591239929199
44,39,0.5140214562416077,0.5143025517463684
44,40,0.512477457523346,0.5142028331756592
44,41,0.5109224319458008,0.513820230960846
44,42,0.5094479918479919,0.5122945308685303
44,43,0.5080124139785767,0.5113281607627869
44,44,0.506733775138855,0.5104148983955383
44,45,0.50569748878479,0.5080525875091553
44,46,0.5047425627708435,0.5067206025123596
44,47,0.5035802125930786,0.5067273378372192
44,48,0.5026115775108337,0.5053723454475403
44,49,0.5018149614334106,0.5052148699760437
44,50,0.5009183883666992,0.5044705867767334
44,51,0.5000433921813965,0.5049694776535034
44,52,0.4992886483669281,0.5034324526786804
44,53,0.49858060479164124,0.5017971396446228
44,54,0.4978920817375183,0.5021287202835083
44,55,0.49723926186561584,0.5015369057655334
44,56,0.49657970666885376,0.4997921586036682
44,57,0.49594712257385254,0.49993231892585754
44,58,0.49531111121177673,0.49886175990104675
44,59,0.4947030246257782,0.4994424283504486
44,60,0.49417951703071594,0.5001475811004639
44,61,0.4936816692352295,0.49977320432662964
44,62,0.49308741092681885,0.4991372227668762
44,63,0.4926517903804779,0.49777716398239136
44,64,0.49212753772735596,0.4975927472114563
44,65,0.49161335825920105,0.49808990955352783
44,66,0.49100157618522644,0.4970427453517914
44,67,0.49053218960762024,0.4964931309223175
44,68,0.4900558888912201,0.49657174944877625
44,69,0.48953449726104736,0.4970166087150574
44,70,0.4889691174030304,0.49647727608680725
44,71,0.4884697496891022,0.49610787630081177
44,72,0.4879658818244934,0.4950762689113617
44,73,0.48746079206466675,0.49453499913215637
44,74,0.4869231581687927,0.49389684200286865
44,75,0.4864342212677002,0.4941660463809967
44,76,0.48600122332572937,0.4949556291103363
44,77,0.4855244755744934,0.49389299750328064
44,78,0.48488572239875793,0.4924778938293457
44,79,0.484292209148407,0.4918924868106842
44,80,0.48370975255966187,0.49258744716644287
44,81,0.4831441044807434,0.49170970916748047
44,82,0.48251646757125854,0.491587370634079
44,83,0.4819702208042145,0.49108442664146423
44,84,0.4814266264438629,0.4908515512943268
44,85,0.48091399669647217,0.49054598808288574
44,86,0.480380117893219,0.49194085597991943
44,87,0.4798862040042877,0.49152037501335144
44,88,0.479169100522995,0.4910847544670105
44,89,0.4784930348396301,0.4896124005317688
44,90,0.4777590334415436,0.4887404441833496
44,91,0.47706758975982666,0.4882313013076782
44,92,0.47639545798301697,0.48755812644958496
44,93,0.4756774604320526,0.4867492914199829
44,94,0.4751724898815155,0.4879772961139679
44,95,0.4743307828903198,0.4867011308670044
44,96,0.4734859764575958,0.48590782284736633
44,97,0.4727379083633423,0.4860538840293884
44,98,0.4719921946525574,0.4856747090816498
44,99,0.4711042046546936,0.4847320318222046
44,100,0.47034168243408203,0.48461300134658813
44,101,0.46936529874801636,0.48355504870414734
44,102,0.4681650996208191,0.48342856764793396
44,103,0.4671512246131897,0.4814446270465851
44,104,0.46604347229003906,0.48043492436408997
44,105,0.46494942903518677,0.4804985523223877
44,106,0.46375802159309387,0.4813530743122101
44,107,0.4625682830810547,0.4812159538269043
44,108,0.4613824486732483,0.4799913763999939
44,109,0.4600936472415924,0.4780033230781555
44,110,0.45879262685775757,0.47751325368881226
44,111,0.4573571979999542,0.47681915760040283
44,112,0.4558427035808563,0.47507232427597046
44,113,0.4544374942779541,0.47498589754104614
44,114,0.45288896560668945,0.4748557507991791
44,115,0.4512878656387329,0.4738628566265106
44,116,0.44925349950790405,0.47253501415252686
44,117,0.44720515608787537,0.47145962715148926
44,118,0.4451582431793213,0.4697614908218384
44,119,0.44285571575164795,0.46831196546554565
44,120,0.440552681684494,0.4668259620666504
44,121,0.43824857473373413,0.4662724733352661
44,122,0.43568384647369385,0.4641304910182953
44,123,0.4331198036670685,0.46375831961631775
44,124,0.4306665360927582,0.4638340175151825
44,125,0.42795664072036743,0.46016085147857666
44,126,0.42525240778923035,0.4594477713108063
44,127,0.42295145988464355,0.4578354060649872
44,128,0.4200156629085541,0.45678049325942993
44,129,0.4174439609050751,0.45606473088264465
44,130,0.4150313138961792,0.4545886516571045
44,131,0.41247275471687317,0.45442113280296326
44,132,0.4098993241786957,0.45241060853004456
44,133,0.40762045979499817,0.45143330097198486
44,134,0.4055860936641693,0.45037832856178284
44,135,0.4035717844963074,0.4496424198150635
44,136,0.40178778767585754,0.44811755418777466
44,137,0.39986875653266907,0.4476689100265503
44,138,0.3980621099472046,0.44556957483291626
44,139,0.39640361070632935,0.44577255845069885
44,140,0.3947688341140747,0.4445798397064209
44,141,0.3933565020561218,0.4438674747943878
44,142,0.39207470417022705,0.4437014162540436
44,143,0.39018476009368896,0.4413558840751648
44,144,0.388833224773407,0.4394458830356598
44,145,0.3873976469039917,0.43819937109947205
44,146,0.38602134585380554,0.43672236800193787
44,147,0.3848640024662018,0.4364779591560364
44,148,0.38369038701057434,0.43619710206985474
44,149,0.3822968900203705,0.43530404567718506
44,150,0.38109925389289856,0.43405067920684814
44,151,0.3801190257072449,0.432621031999588
44,152,0.37900784611701965,0.43205493688583374
44,153,0.3779070973396301,0.4305444359779358
44,154,0.37688887119293213,0.43039074540138245
44,155,0.3757699131965637,0.4300646185874939
44,156,0.37477314472198486,0.4294815957546234
44,157,0.37421053647994995,0.4278557300567627
44,158,0.37306106090545654,0.4283836781978607
44,159,0.37234586477279663,0.42800530791282654
44,160,0.3716190755367279,0.4274895489215851
44,161,0.3704991638660431,0.4256582260131836
44,162,0.3695259988307953,0.42532891035079956
44,163,0.3686211407184601,0.42433106899261475
44,164,0.3678952753543854,0.4243459403514862
44,165,0.36738359928131104,0.4243495762348175
44,166,0.3665742874145508,0.4236438274383545
44,167,0.3657464385032654,0.42272135615348816
44,168,0.36512190103530884,0.422578901052475
44,169,0.3642553687095642,0.42260488867759705
44,170,0.36389923095703125,0.4223748743534088
44,171,0.3631594181060791,0.42267391085624695
44,172,0.3622106611728668,0.4208805561065674
44,173,0.36156031489372253,0.420492559671402
44,174,0.36123791337013245,0.42067304253578186
44,175,0.3609296977519989,0.4187454283237457
44,176,0.36020323634147644,0.41717731952667236
44,177,0.3592873811721802,0.41774365305900574
44,178,0.3586283326148987,0.41974499821662903
44,179,0.35806623101234436,0.41898754239082336
44,180,0.3576919138431549,0.4188459813594818
44,181,0.35719549655914307,0.4178638756275177
44,182,0.35678887367248535,0.418157160282135
44,183,0.35620999336242676,0.4184415340423584
44,184,0.35560017824172974,0.41776037216186523
44,185,0.35559388995170593,0.4181819558143616
44,186,0.3549570143222809,0.4192095994949341
44,187,0.3546604514122009,0.41771233081817627
44,188,0.35390570759773254,0.41748175024986267
44,189,0.353451669216156,0.4175108075141907
44,190,0.35311615467071533,0.4168589413166046
44,191,0.35273587703704834,0.41651830077171326
44,192,0.3523961305618286,0.416221022605896
44,193,0.3515862226486206,0.41566091775894165
44,194,0.35145461559295654,0.4146977663040161
44,195,0.35081788897514343,0.4150010943412781
44,196,0.35035496950149536,0.4151301681995392
44,197,0.3502516746520996,0.4147714674472809
44,198,0.34997183084487915,0.4153086245059967
44,199,0.3494931161403656,0.414741188287735
44,200,0.3488398492336273,0.41323333978652954
44,201,0.34848466515541077,0.41287243366241455
44,202,0.3483431339263916,0.4133813679218292
44,203,0.3476211428642273,0.41299131512641907
44,204,0.3473495543003082,0.41428133845329285
44,205,0.3470195233821869,0.4121657609939575
44,206,0.346599817276001,0.4125598967075348
44,207,0.3461037278175354,0.41317957639694214
44,208,0.34579840302467346,0.41239866614341736
44,209,0.345333069562912,0.4119999408721924
44,210,0.34502696990966797,0.41262349486351013
44,211,0.3447401225566864,0.4127061367034912
44,212,0.34439876675605774,0.4115040898323059
44,213,0.3440016210079193,0.4120757579803467
44,214,0.3437902629375458,0.4111333191394806
44,215,0.34341543912887573,0.41112130880355835
44,216,0.34334471821784973,0.411489874124527
44,217,0.3436886966228485,0.4110904633998871
44,218,0.34270861744880676,0.41096827387809753
44,219,0.3418557345867157,0.4106912910938263
44,220,0.3416086435317993,0.4111979305744171
44,221,0.34113550186157227,0.4111802279949188
44,222,0.34114935994148254,0.4111277163028717
44,223,0.3403971493244171,0.410084992647171
44,224,0.3402288258075714,0.40890422463417053
44,225,0.3396447002887726,0.41029229760169983
44,226,0.33952218294143677,0.41001206636428833
44,227,0.33892443776130676,0.41037771105766296
44,228,0.33868688344955444,0.4094938039779663
44,229,0.33852270245552063,0.4101550281047821
44,230,0.3377838134765625,0.409091055393219
44,231,0.3375454246997833,0.408451110124588
44,232,0.3370593786239624,0.40881845355033875
44,233,0.3366760313510895,0.40874147415161133
44,234,0.3366619944572449,0.4086324870586395
44,235,0.3360652029514313,0.4088411033153534
44,236,0.3356855511665344,0.4089337885379791
44,237,0.33594709634780884,0.4077787697315216
44,238,0.3351422846317291,0.40711620450019836
44,239,0.33457329869270325,0.408713161945343
44,240,0.334454745054245,0.40753841400146484
44,241,0.3338872790336609,0.40756863355636597
44,242,0.33366164565086365,0.4101965129375458
44,243,0.3331005871295929,0.40918582677841187
44,244,0.3331323564052582,0.40675079822540283
44,245,0.33237192034721375,0.40808039903640747
44,246,0.33217936754226685,0.4086168706417084
44,247,0.3318030834197998,0.40839919447898865
44,248,0.3317681550979614,0.41072648763656616
44,249,0.3310767114162445,0.40790456533432007
44,250,0.3308969736099243,0.4081847667694092
44,251,0.33044543862342834,0.4084019958972931
44,252,0.3302048444747925,0.4091944992542267
44,253,0.33016520738601685,0.409696489572525
44,254,0.32950359582901,0.40879493951797485
44,255,0.3292507231235504,0.40860483050346375
44,256,0.3287583887577057,0.40978142619132996
44,257,0.32850751280784607,0.41004472970962524
44,258,0.32803985476493835,0.4098741412162781
44,259,0.32757407426834106,0.41028454899787903
44,260,0.3272813856601715,0.4093734323978424
44,261,0.32689473032951355,0.40985772013664246
44,262,0.32670319080352783,0.4110097885131836
44,263,0.3264433741569519,0.4106519818305969
44,264,0.3259698450565338,0.41227418184280396
44,265,0.3255164921283722,0.41117262840270996
44,266,0.3251984715461731,0.4122733771800995
44,267,0.3249674439430237,0.41173532605171204
44,268,0.3250081539154053,0.40964755415916443
44,269,0.32435426115989685,0.4093038737773895
44,270,0.32393091917037964,0.4118242859840393
44,271,0.323549747467041,0.4114658534526825
44,272,0.3233169615268707,0.4120136797428131
44,273,0.32350030541419983,0.41413819789886475
44,274,0.3227546513080597,0.4127621352672577
44,275,0.3223555386066437,0.41211727261543274
44,276,0.3221215009689331,0.41250213980674744
44,277,0.32209232449531555,0.4141704738140106
44,278,0.32146120071411133,0.41211017966270447
44,279,0.32125386595726013,0.4128187894821167
44,280,0.3209702968597412,0.4130030870437622
44,281,0.32050126791000366,0.41490909457206726
44,282,0.32028865814208984,0.4165383279323578
44,283,0.31978973746299744,0.4144551455974579
44,284,0.31965088844299316,0.41387632489204407
45,1,1.0212314128875732,0.8338718414306641
45,2,1.017810344696045,0.8300796747207642
45,3,1.0145294666290283,0.8257403373718262
45,4,1.011296272277832,0.8220802545547485
45,5,1.0078645944595337,0.8185967803001404
45,6,1.0036424398422241,0.814886212348938
45,7,0.9974796772003174,0.8107566237449646
45,8,0.9883248209953308,0.8049070835113525
45,9,0.9726349711418152,0.7961513996124268
45,10,0.9467175602912903,0.7818940877914429
45,11,0.9097729325294495,0.7611972093582153
45,12,0.8664395213127136,0.7355737090110779
45,13,0.8341051340103149,0.71617591381073
45,14,0.8124146461486816,0.7042557001113892
45,15,0.7922045588493347,0.6943019032478333
45,16,0.7748452425003052,0.6853511333465576
45,17,0.7599474191665649,0.676446259021759
45,18,0.7452842593193054,0.6657024025917053
45,19,0.7305558919906616,0.6537610292434692
45,20,0.7143481373786926,0.641785740852356
45,21,0.6964164972305298,0.6273146867752075
45,22,0.6746234893798828,0.6086483597755432
45,23,0.6479506492614746,0.5847518444061279
45,24,0.6226374506950378,0.5613628625869751
45,25,0.601122260093689,0.5414549112319946
45,26,0.5822796821594238,0.5229237079620361
45,27,0.5672917366027832,0.5089963674545288
45,28,0.5554211735725403,0.4982162117958069
45,29,0.5447995662689209,0.4914277493953705
45,30,0.5363131165504456,0.48567846417427063
45,31,0.529171884059906,0.4825744926929474
45,32,0.522732675075531,0.4800250232219696
45,33,0.5172176957130432,0.47691306471824646
45,34,0.5122559666633606,0.47427383065223694
45,35,0.5079337358474731,0.47188588976860046
45,36,0.5038267374038696,0.47001397609710693
45,37,0.4999176263809204,0.4699034094810486
45,38,0.4963933825492859,0.46820876002311707
45,39,0.4932229816913605,0.46792542934417725
45,40,0.4905431568622589,0.46560972929000854
45,41,0.48777446150779724,0.46479958295822144
45,42,0.48543301224708557,0.46404150128364563
45,43,0.48338377475738525,0.4631262421607971
45,44,0.481290340423584,0.4633848965167999
45,45,0.4792882204055786,0.46218523383140564
45,46,0.47750139236450195,0.4603862166404724
45,47,0.47568538784980774,0.45854756236076355
45,48,0.473818838596344,0.4575307071208954
45,49,0.47213977575302124,0.4558224678039551
45,50,0.47060930728912354,0.45478376746177673
45,51,0.4691779911518097,0.4546467959880829
45,52,0.46776726841926575,0.45350050926208496
45,53,0.4664749801158905,0.4515873193740845
45,54,0.4652736186981201,0.45034855604171753
45,55,0.4640924036502838,0.45111098885536194
45,56,0.4627445936203003,0.45044830441474915
45,57,0.46137672662734985,0.44994717836380005
45,58,0.4602948725223541,0.44909557700157166
45,59,0.4593901038169861,0.44748273491859436
45,60,0.458420991897583,0.4478256106376648
45,61,0.4573839604854584,0.4474799633026123
45,62,0.4562899172306061,0.4464753568172455
45,63,0.45541927218437195,0.4446463882923126
45,64,0.45446741580963135,0.4446326196193695
45,65,0.4536040425300598,0.44316136837005615
45,66,0.4527986943721771,0.4424195885658264
45,67,0.4519393742084503,0.44224458932876587
45,68,0.4510832726955414,0.4420170485973358
45,69,0.4503038823604584,0.44093307852745056
45,70,0.4495835602283478,0.4401582181453705
45,71,0.44879624247550964,0.43997228145599365
45,72,0.44794219732284546,0.4391815662384033
45,73,0.44718626141548157,0.43823525309562683
45,74,0.44641610980033875,0.43740782141685486
45,75,0.4457981288433075,0.4372870624065399
45,76,0.4450746774673462,0.4362129867076874
45,77,0.44443830847740173,0.43582719564437866
45,78,0.4436919391155243,0.4354941248893738
45,79,0.4429530203342438,0.4346907436847687
45,80,0.4422222673892975,0.43343058228492737
45,81,0.4416253864765167,0.43268656730651855
45,82,0.4410378038883209,0.43157705664634705
45,83,0.4403194487094879,0.4318033754825592
45,84,0.4397161900997162,0.4331101179122925
45,85,0.43927058577537537,0.4334658682346344
45,86,0.43831729888916016,0.43243277072906494
45,87,0.4376312792301178,0.4317533075809479
45,88,0.4369781017303467,0.43015050888061523
45,89,0.4363488554954529,0.4299369752407074
45,90,0.43586188554763794,0.42819344997406006
45,91,0.43527546525001526,0.42757007479667664
45,92,0.4346427917480469,0.4278372526168823
45,93,0.43410569429397583,0.42722374200820923
45,94,0.4334118962287903,0.4268646240234375
45,95,0.4328497052192688,0.4259895086288452
45,96,0.4323270916938782,0.4254739284515381
45,97,0.4317421019077301,0.4256805181503296
45,98,0.4310922622680664,0.4253048896789551
45,99,0.4305751919746399,0.4252346456050873
45,100,0.4298650026321411,0.4236544072628021
45,101,0.42916178703308105,0.4227539896965027
45,102,0.4287019968032837,0.42290398478507996
45,103,0.4280734658241272,0.4229085147380829
45,104,0.42751362919807434,0.42193901538848877
45,105,0.42710795998573303,0.42186984419822693
45,106,0.42633649706840515,0.4210490584373474
45,107,0.42577043175697327,0.42081910371780396
45,108,0.42509859800338745,0.41895291209220886
45,109,0.4245218336582184,0.4179162383079529
45,110,0.42385855317115784,0.4181024134159088
45,111,0.4233633577823639,0.41759949922561646
45,112,0.4227901101112366,0.4171934127807617
45,113,0.4221060276031494,0.4161219000816345
45,114,0.4214934706687927,0.41574200987815857
45,115,0.4210273027420044,0.41473111510276794
45,116,0.42039138078689575,0.41491466760635376
45,117,0.41980990767478943,0.4148505926132202
45,118,0.4191106855869293,0.4145849347114563
45,119,0.4185284674167633,0.41379204392433167
45,120,0.41780000925064087,0.41215553879737854
45,121,0.4173980951309204,0.4122849702835083
45,122,0.41651538014411926,0.4118095636367798
45,123,0.41601213812828064,0.41137945652008057
45,124,0.41536349058151245,0.4091908037662506
45,125,0.4148084819316864,0.40790855884552
45,126,0.4140439033508301,0.4085603952407837
45,127,0.413409560918808,0.40793466567993164
45,128,0.41280660033226013,0.40747684240341187
45,129,0.4121588468551636,0.40828990936279297
45,130,0.4113609194755554,0.4071682393550873
45,131,0.4106873571872711,0.40675032138824463
45,132,0.40991124510765076,0.4049312174320221
45,133,0.40972307324409485,0.40585610270500183
45,134,0.4084503948688507,0.40443339943885803
45,135,0.40757155418395996,0.4033471941947937
45,136,0.4068574905395508,0.4020967483520508
45,137,0.40597668290138245,0.401456356048584
45,138,0.4049171507358551,0.4005800783634186
45,139,0.4039323627948761,0.4012696146965027
45,140,0.40241265296936035,0.4000449478626251
45,141,0.4009194076061249,0.39812177419662476
45,142,0.3998473286628723,0.39678439497947693
45,143,0.39856013655662537,0.3952241837978363
45,144,0.39712417125701904,0.39375433325767517
45,145,0.39612454175949097,0.39223629236221313
45,146,0.3951718211174011,0.3918475806713104
45,147,0.39384758472442627,0.39068567752838135
45,148,0.39215677976608276,0.38913023471832275
45,149,0.3908032476902008,0.3874790072441101
45,150,0.389564573764801,0.38657060265541077
45,151,0.38820070028305054,0.38496023416519165
45,152,0.3868195414543152,0.38495293259620667
45,153,0.38551461696624756,0.38215383887290955
45,154,0.3841084837913513,0.3813314139842987
45,155,0.38267725706100464,0.38059791922569275
45,156,0.38122156262397766,0.3797074854373932
45,157,0.37974539399147034,0.37938785552978516
45,158,0.37851831316947937,0.3778243362903595
45,159,0.3772118389606476,0.3768918216228485
45,160,0.3757852017879486,0.37601369619369507
45,161,0.3744521141052246,0.37447354197502136
45,162,0.37294435501098633,0.3741285502910614
45,163,0.3714919090270996,0.37307122349739075
45,164,0.37028196454048157,0.3710532486438751
45,165,0.3689514398574829,0.36990809440612793
45,166,0.36765989661216736,0.3711719810962677
45,167,0.366507887840271,0.368351012468338
45,168,0.36487314105033875,0.36767178773880005
45,169,0.3636646568775177,0.36726611852645874
45,170,0.3626980483531952,0.3671201765537262
45,171,0.36116600036621094,0.3656378984451294
45,172,0.3598344922065735,0.36437857151031494
45,173,0.3584287762641907,0.3629418909549713
45,174,0.3571999669075012,0.3624565005302429
45,175,0.355788916349411,0.36084315180778503
45,176,0.3545832335948944,0.35938093066215515
45,177,0.35343801975250244,0.3592734932899475
45,178,0.352314293384552,0.3594450056552887
45,179,0.3510299324989319,0.3585515022277832
45,180,0.34999600052833557,0.35834500193595886
45,181,0.3488234281539917,0.35743409395217896
45,182,0.3475646376609802,0.35651126503944397
45,183,0.3465138077735901,0.3552244305610657
45,184,0.34530875086784363,0.35496142506599426
45,185,0.34435924887657166,0.3541222810745239
45,186,0.3431045711040497,0.3518606722354889
45,187,0.3420071005821228,0.3508789837360382
45,188,0.3411043584346771,0.3507575988769531
45,189,0.34001845121383667,0.3499346375465393
45,190,0.33880019187927246,0.3493003845214844
45,191,0.33820027112960815,0.3496183156967163
45,192,0.3371971547603607,0.35023701190948486
45,193,0.3362848460674286,0.3489198684692383
45,194,0.33537623286247253,0.34802472591400146
45,195,0.3342403471469879,0.3466660678386688
45,196,0.3332505524158478,0.3451090455055237
45,197,0.3325771391391754,0.34546974301338196
45,198,0.331379234790802,0.34401553869247437
45,199,0.3305811583995819,0.34393543004989624
45,200,0.3294444978237152,0.3431403636932373
45,201,0.3286176025867462,0.34122931957244873
45,202,0.3277124762535095,0.3406524360179901
45,203,0.32683709263801575,0.3392738103866577
45,204,0.3259594142436981,0.33903205394744873
45,205,0.32519426941871643,0.3388490080833435
45,206,0.3244496285915375,0.33933329582214355
45,207,0.3233838379383087,0.3380790650844574
45,208,0.32269909977912903,0.33730724453926086
45,209,0.32201528549194336,0.3375779390335083
45,210,0.32094860076904297,0.33632397651672363
45,211,0.3205967843532562,0.3364822268486023
45,212,0.31974780559539795,0.3340626358985901
45,213,0.31916508078575134,0.33446189761161804
45,214,0.318329393863678,0.33249911665916443
45,215,0.3175285756587982,0.33231836557388306
45,216,0.31676197052001953,0.33168840408325195
45,217,0.31599289178848267,0.33132505416870117
45,218,0.3153117299079895,0.33151906728744507
45,219,0.31479695439338684,0.32984837889671326
45,220,0.31435057520866394,0.32960569858551025
45,221,0.3135181665420532,0.3315509557723999
45,222,0.31295478343963623,0.33015409111976624
45,223,0.31214243173599243,0.32915937900543213
45,224,0.3117651641368866,0.3295445442199707
45,225,0.3111693859100342,0.32969069480895996
45,226,0.31030648946762085,0.3287354111671448
45,227,0.30964142084121704,0.3282918930053711
45,228,0.30948251485824585,0.328775018453598
45,229,0.30844438076019287,0.32827743887901306
45,230,0.3077675700187683,0.3262268304824829
45,231,0.30701714754104614,0.32538458704948425
45,232,0.30656036734580994,0.32667776942253113
45,233,0.3059542775154114,0.3255140483379364
45,234,0.30536946654319763,0.3248884379863739
45,235,0.30506664514541626,0.3250090181827545
45,236,0.30455443263053894,0.3236689865589142
45,237,0.30381834506988525,0.3249344527721405
45,238,0.30334165692329407,0.3240288197994232
45,239,0.30284374952316284,0.32397323846817017
45,240,0.30203211307525635,0.3249024450778961
45,241,0.3015478253364563,0.32345178723335266
45,242,0.3013363182544708,0.3251684904098511
45,243,0.300729364156723,0.32408568263053894
45,244,0.2998305857181549,0.3226228654384613
45,245,0.29899337887763977,0.32219594717025757
45,246,0.29852280020713806,0.32178086042404175
45,247,0.29801368713378906,0.3211783170700073
45,248,0.29728490114212036,0.32124605774879456
45,249,0.2969277501106262,0.3223327696323395
45,250,0.2963596284389496,0.3211623728275299
45,251,0.2958333194255829,0.3205428123474121
45,252,0.2952560484409332,0.31984034180641174
45,253,0.29479163885116577,0.320217102766037
45,254,0.29460716247558594,0.3202396333217621
45,255,0.2939147353172302,0.31889575719833374
45,256,0.2931842505931854,0.31932422518730164
45,257,0.2928142547607422,0.3192019462585449
45,258,0.29223155975341797,0.3196164667606354
45,259,0.2917068600654602,0.3187982141971588
45,260,0.29140332341194153,0.3195140063762665
45,261,0.2907189428806305,0.3185718357563019
45,262,0.29027944803237915,0.3179273009300232
45,263,0.2897215485572815,0.31802982091903687
45,264,0.2894814610481262,0.3182865083217621
45,265,0.2888006269931793,0.31747472286224365
45,266,0.28864362835884094,0.31768009066581726
45,267,0.288004606962204,0.31677180528640747
45,268,0.2879638373851776,0.31667089462280273
45,269,0.28698110580444336,0.31641849875450134
45,270,0.2869054675102234,0.31639960408210754
45,271,0.28617677092552185,0.3167170584201813
45,272,0.2859230935573578,0.31467586755752563
45,273,0.2853958010673523,0.3150142431259155
45,274,0.2851373553276062,0.31429076194763184
45,275,0.2844768762588501,0.3145451247692108
45,276,0.28410786390304565,0.314151406288147
45,277,0.2837078273296356,0.3134126663208008
45,278,0.2832709848880768,0.3136102557182312
45,279,0.28294140100479126,0.31349778175354004
45,280,0.2827448546886444,0.31285372376441956
45,281,0.28213033080101013,0.31305932998657227
45,282,0.2817099392414093,0.3123541474342346
45,283,0.28137582540512085,0.313371866941452
45,284,0.2808065712451935,0.31264084577560425
45,285,0.28056517243385315,0.313018798828125
45,286,0.28022781014442444,0.31190451979637146
45,287,0.2800506353378296,0.3118599057197571
45,288,0.27952468395233154,0.3102792501449585
45,289,0.27912765741348267,0.31109198927879333
45,290,0.2785133719444275,0.3102833032608032
45,291,0.2781236469745636,0.31067895889282227
45,292,0.2778625190258026,0.3112117350101471
45,293,0.2773924469947815,0.31154072284698486
45,294,0.2768586277961731,0.31067293882369995
45,295,0.2768982946872711,0.31193792819976807
45,296,0.2762298583984375,0.3105964660644531
45,297,0.2758578956127167,0.30925458669662476
45,298,0.2759596109390259,0.30862367153167725
45,299,0.2751745581626892,0.30812686681747437
45,300,0.27474674582481384,0.3085661828517914
45,301,0.2743953764438629,0.30910658836364746
45,302,0.27385443449020386,0.3080097436904907
45,303,0.27359485626220703,0.30774280428886414
45,304,0.27315306663513184,0.30693405866622925
45,305,0.2728162705898285,0.3080199360847473
45,306,0.2729220390319824,0.3077399730682373
45,307,0.27233031392097473,0.308155357837677
45,308,0.27166125178337097,0.3064710795879364
45,309,0.27164414525032043,0.30605384707450867
45,310,0.2712155878543854,0.305961549282074
45,311,0.27063101530075073,0.30635133385658264
45,312,0.2705497145652771,0.30599772930145264
45,313,0.2700369656085968,0.3061138987541199
45,314,0.2701430022716522,0.30564260482788086
45,315,0.26965489983558655,0.30693137645721436
45,316,0.2690979242324829,0.30641818046569824
45,317,0.26862382888793945,0.3057182729244232
45,318,0.2684014141559601,0.3051922619342804
45,319,0.26794523000717163,0.30505841970443726
45,320,0.2677313983440399,0.30479130148887634
45,321,0.26736050844192505,0.3053823709487915
45,322,0.2672274708747864,0.30418264865875244
45,323,0.266895592212677,0.30363228917121887
45,324,0.2664817273616791,0.3039202392101288
45,325,0.26644018292427063,0.30443525314331055
45,326,0.2660894989967346,0.30501559376716614
45,327,0.2656944692134857,0.3052833676338196
45,328,0.26566842198371887,0.3049200475215912
45,329,0.265199214220047,0.3051009476184845
45,330,0.2647946774959564,0.3039950430393219
45,331,0.2643088400363922,0.30293524265289307
45,332,0.26432836055755615,0.30294179916381836
45,333,0.26442548632621765,0.30446040630340576
45,334,0.2638034522533417,0.3032881021499634
45,335,0.2632553279399872,0.3030829131603241
45,336,0.2630632221698761,0.30330654978752136
45,337,0.2626163959503174,0.3021412491798401
45,338,0.26216045022010803,0.3027287721633911
45,339,0.2621082067489624,0.30341672897338867
45,340,0.2618865966796875,0.30343687534332275
45,341,0.26170527935028076,0.3025788366794586
45,342,0.26142239570617676,0.30378469824790955
45,343,0.26126375794410706,0.302793949842453
45,344,0.26070183515548706,0.30209389328956604
45,345,0.2604210078716278,0.3025093674659729
45,346,0.26018261909484863,0.30252817273139954
45,347,0.2601275146007538,0.30189433693885803
45,348,0.2598370909690857,0.30174049735069275
45,349,0.25960642099380493,0.30225151777267456
45,350,0.25922873616218567,0.30239376425743103
45,351,0.25916656851768494,0.3012406527996063
45,352,0.25871846079826355,0.3010920286178589
45,353,0.2583378851413727,0.30232691764831543
45,354,0.2581959068775177,0.3021410405635834
45,355,0.25802138447761536,0.3018340766429901
45,356,0.2576132118701935,0.3012988269329071
45,357,0.25765085220336914,0.3013361394405365
45,358,0.25734269618988037,0.30188387632369995
45,359,0.2569131553173065,0.30211141705513
45,360,0.2566225528717041,0.30243369936943054
45,361,0.25662192702293396,0.30070066452026367
45,362,0.2562858760356903,0.30104750394821167
45,363,0.25610464811325073,0.30177268385887146
45,364,0.25598183274269104,0.3028385639190674
45,365,0.25576308369636536,0.30121883749961853
45,366,0.255578875541687,0.30235475301742554
45,367,0.2551690340042114,0.3017711341381073
45,368,0.25476524233818054,0.30095091462135315
45,369,0.2546520233154297,0.3015871047973633
45,370,0.25459355115890503,0.3009926676750183
45,371,0.2541646361351013,0.30195245146751404
45,372,0.2540527284145355,0.30231109261512756
45,373,0.25389233231544495,0.30137312412261963
45,374,0.2535060942173004,0.30121707916259766
45,375,0.2532968521118164,0.30016380548477173
45,376,0.25307828187942505,0.2999638020992279
45,377,0.25295811891555786,0.29995015263557434
45,378,0.25281623005867004,0.301289826631546
45,379,0.2523728013038635,0.3020721971988678
45,380,0.25239861011505127,0.3023837208747864
45,381,0.25238677859306335,0.3022233843803406
45,382,0.252089262008667,0.30067503452301025
45,383,0.25198426842689514,0.30088478326797485
45,384,0.2516486942768097,0.300809383392334
45,385,0.25138428807258606,0.30213096737861633
45,386,0.2512422502040863,0.302839457988739
45,387,0.2509319484233856,0.3023674786090851
45,388,0.2507757246494293,0.3017897605895996
45,389,0.25051790475845337,0.3005412518978119
45,390,0.25046348571777344,0.30128151178359985
45,391,0.25035154819488525,0.3000060021877289
45,392,0.2502251863479614,0.3008148670196533
45,393,0.2498924881219864,0.3005412817001343
45,394,0.2496316134929657,0.3009496331214905
45,395,0.24945683777332306,0.30035191774368286
45,396,0.2494758516550064,0.3015182614326477
45,397,0.24921855330467224,0.3013898730278015
45,398,0.2489205300807953,0.30121132731437683
45,399,0.24875599145889282,0.3012373447418213
45,400,0.24849888682365417,0.3008618950843811
45,401,0.24843473732471466,0.301067978143692
45,402,0.24841292202472687,0.300968736410141
45,403,0.2481958419084549,0.30158790946006775
45,404,0.24802301824092865,0.30190491676330566
45,405,0.2476453185081482,0.30178481340408325
45,406,0.24756290018558502,0.3018161654472351
45,407,0.24754181504249573,0.30112674832344055
45,408,0.24758881330490112,0.30164670944213867
45,409,0.24756762385368347,0.3021275997161865
45,410,0.24721305072307587,0.29998496174812317
45,411,0.24719904363155365,0.3016830384731293
45,412,0.24682939052581787,0.30132797360420227
45,413,0.2467200756072998,0.30083897709846497
45,414,0.24633844196796417,0.30105581879615784
45,415,0.24620255827903748,0.3003751039505005
45,416,0.24596872925758362,0.30100327730178833
45,417,0.24585308134555817,0.3016395568847656
46,1,1.018701434135437,0.8328903317451477
46,2,1.0144262313842773,0.8283326029777527
46,3,1.0098085403442383,0.8235562443733215
46,4,1.0044933557510376,0.8182671666145325
46,5,0.9983004927635193,0.8125357031822205
46,6,0.9903071522712708,0.8055077791213989
46,7,0.9784247875213623,0.7950677275657654
46,8,0.959391713142395,0.7789191007614136
46,9,0.9284210205078125,0.752906858921051
46,10,0.8830553293228149,0.7138034105300903
46,11,0.8365840911865234,0.6716994643211365
46,12,0.8049754500389099,0.64179527759552
46,13,0.7772492170333862,0.6168315410614014
46,14,0.7544072866439819,0.5966838002204895
46,15,0.734527051448822,0.5807625651359558
46,16,0.7140449285507202,0.5647765398025513
46,17,0.6939097046852112,0.5486330389976501
46,18,0.6744511723518372,0.5337527394294739
46,19,0.6558184623718262,0.5216411352157593
46,20,0.6385203003883362,0.5116801857948303
46,21,0.6214600801467896,0.5024607181549072
46,22,0.6061919927597046,0.49536094069480896
46,23,0.5922651290893555,0.4881685674190521
46,24,0.5797495245933533,0.48317861557006836
46,25,0.5691213607788086,0.47831377387046814
46,26,0.5596747994422913,0.47349298000335693
46,27,0.5511417984962463,0.4695560336112976
46,28,0.5431113243103027,0.466915100812912
46,29,0.5356212258338928,0.4628327786922455
46,30,0.5288400053977966,0.4598233103752136
46,31,0.5213797092437744,0.45512592792510986
46,32,0.5148969888687134,0.45093581080436707
46,33,0.5085466504096985,0.4469313621520996
46,34,0.5027640461921692,0.44386157393455505
46,35,0.4975871741771698,0.4407428503036499
46,36,0.4925263822078705,0.4388273358345032
46,37,0.48833996057510376,0.43508467078208923
46,38,0.4846499264240265,0.43165192008018494
46,39,0.48084813356399536,0.4296865165233612
46,40,0.4770468473434448,0.4265719950199127
46,41,0.47341588139533997,0.4238496422767639
46,42,0.4698851406574249,0.42077165842056274
46,43,0.46690744161605835,0.41857606172561646
46,44,0.4640205502510071,0.4160209596157074
46,45,0.4612791836261749,0.413583904504776
46,46,0.45840299129486084,0.4103556275367737
46,47,0.45584753155708313,0.40627631545066833
46,48,0.4533429741859436,0.402718722820282
46,49,0.45071280002593994,0.40192094445228577
46,50,0.4484735429286957,0.4013381898403168
46,51,0.4462169408798218,0.3976415693759918
46,52,0.443874716758728,0.3968336582183838
46,53,0.44133371114730835,0.394591748714447
46,54,0.43923723697662354,0.3924824893474579
46,55,0.43714433908462524,0.38860371708869934
46,56,0.43524301052093506,0.38573354482650757
46,57,0.43347761034965515,0.38508179783821106
46,58,0.4314863085746765,0.3835271894931793
46,59,0.42979633808135986,0.3808152377605438
46,60,0.428276002407074,0.37941694259643555
46,61,0.42648574709892273,0.3790155053138733
46,62,0.42475539445877075,0.37870559096336365
46,63,0.4233764410018921,0.37555190920829773
46,64,0.422093003988266,0.37292203307151794
46,65,0.4204268753528595,0.3722440302371979
46,66,0.41898542642593384,0.3734157979488373
46,67,0.4178362786769867,0.37211546301841736
46,68,0.4168111979961395,0.3728458285331726
46,69,0.4151346981525421,0.3714403808116913
46,70,0.41365769505500793,0.3695605397224426
46,71,0.4121584892272949,0.36900657415390015
46,72,0.4109397530555725,0.36840343475341797
46,73,0.4098069369792938,0.3689507246017456
46,74,0.4085092842578888,0.3677268624305725
46,75,0.40720659494400024,0.36511391401290894
46,76,0.4059775471687317,0.3653682768344879
46,77,0.40489277243614197,0.3636210262775421
46,78,0.40432149171829224,0.3645664155483246
46,79,0.40316241979599,0.3618295192718506
46,80,0.4020855724811554,0.3603978157043457
46,81,0.4009823799133301,0.3590730130672455
46,82,0.3999377191066742,0.35898661613464355
46,83,0.3989832401275635,0.35772019624710083
46,84,0.39775142073631287,0.3573237955570221
46,85,0.3968973755836487,0.35810431838035583
46,86,0.395904004573822,0.3576602637767792
46,87,0.3950892388820648,0.357766717672348
46,88,0.3939780294895172,0.3550476133823395
46,89,0.3930613696575165,0.3558322787284851
46,90,0.39244890213012695,0.35450267791748047
46,91,0.391771137714386,0.35449668765068054
46,92,0.3907119929790497,0.35278812050819397
46,93,0.39014390110969543,0.3528195321559906
46,94,0.3900689482688904,0.3549746572971344
46,95,0.38938108086586,0.35473212599754333
46,96,0.38788390159606934,0.35281482338905334
46,97,0.387382835149765,0.35067132115364075
46,98,0.38693612813949585,0.3496663272380829
46,99,0.38600391149520874,0.34717580676078796
46,100,0.38503748178482056,0.34704461693763733
46,101,0.3844281733036041,0.3483043611049652
46,102,0.3837912380695343,0.34886106848716736
46,103,0.3831486701965332,0.3468918800354004
46,104,0.3824712634086609,0.34537526965141296
46,105,0.3818351924419403,0.344357967376709
46,106,0.38167381286621094,0.34383511543273926
46,107,0.38091129064559937,0.3445691168308258
46,108,0.3802180886268616,0.344911128282547
46,109,0.3798080086708069,0.34562087059020996
46,110,0.37895363569259644,0.3425748944282532
46,111,0.3785383999347687,0.3428623080253601
46,112,0.3779808282852173,0.3424859046936035
46,113,0.3774510622024536,0.3419528007507324
46,114,0.3769211769104004,0.34197714924812317
46,115,0.376279354095459,0.3395164906978607
46,116,0.375678688287735,0.3385527729988098
46,117,0.37508341670036316,0.3380545377731323
46,118,0.37502408027648926,0.3355679512023926
46,119,0.37425389885902405,0.3360964059829712
46,120,0.37398436665534973,0.33927255868911743
46,121,0.37390756607055664,0.3391955494880676
46,122,0.3726586699485779,0.33527329564094543
46,123,0.37207236886024475,0.3351401686668396
46,124,0.37162259221076965,0.33456626534461975
46,125,0.3711695671081543,0.33351925015449524
46,126,0.3704722225666046,0.3327787518501282
46,127,0.37020450830459595,0.3347254693508148
46,128,0.3695351183414459,0.3329536020755768
46,129,0.36903825402259827,0.33171701431274414
46,130,0.36909550428390503,0.3322852849960327
46,131,0.36833512783050537,0.3308940827846527
46,132,0.367806077003479,0.33195385336875916
46,133,0.3670462667942047,0.3312109112739563
46,134,0.3665710389614105,0.3305263817310333
46,135,0.36603766679763794,0.33020445704460144
46,136,0.3655453622341156,0.32982590794563293
46,137,0.3650369942188263,0.3293549418449402
46,138,0.36485356092453003,0.3292412757873535
46,139,0.3641666769981384,0.3278944492340088
46,140,0.363669753074646,0.32798483967781067
46,141,0.3633008599281311,0.3297472894191742
46,142,0.3626740276813507,0.3276718556880951
46,143,0.36225324869155884,0.3280141055583954
46,144,0.3617592453956604,0.3279624581336975
46,145,0.3613399565219879,0.3277439773082733
46,146,0.36086583137512207,0.3269166946411133
46,147,0.3611512780189514,0.32788875699043274
46,148,0.3600388169288635,0.32695072889328003
46,149,0.3597432076931,0.325028657913208
46,150,0.3594034016132355,0.32442358136177063
46,151,0.35928282141685486,0.3244030177593231
46,152,0.3580610156059265,0.32431456446647644
46,153,0.35776272416114807,0.3238019347190857
46,154,0.3574676811695099,0.32176724076271057
46,155,0.3566536009311676,0.32218462228775024
46,156,0.35623404383659363,0.3217078447341919
46,157,0.3560507297515869,0.3226686418056488
46,158,0.35513198375701904,0.32279688119888306
46,159,0.35518699884414673,0.32208719849586487
46,160,0.3546626567840576,0.32231631875038147
46,161,0.35365355014801025,0.3200514018535614
46,162,0.35311511158943176,0.3205778896808624
46,163,0.35286301374435425,0.32197585701942444
46,164,0.3525136411190033,0.32150986790657043
46,165,0.3516218364238739,0.31851327419281006
46,166,0.3512136936187744,0.3189084827899933
46,167,0.35098764300346375,0.31594187021255493
46,168,0.3498912453651428,0.3191501498222351
46,169,0.34927770495414734,0.31705915927886963
46,170,0.34872081875801086,0.3144868016242981
46,171,0.34777602553367615,0.31838297843933105
46,172,0.34806302189826965,0.3186749815940857
46,173,0.3468569219112396,0.3149055540561676
46,174,0.3459082841873169,0.3162347972393036
46,175,0.34585973620414734,0.3155458867549896
46,176,0.3447232246398926,0.315625935792923
46,177,0.3436904847621918,0.31414246559143066
46,178,0.3432671129703522,0.3134356439113617
46,179,0.34249991178512573,0.31416887044906616
46,180,0.3416158854961395,0.3138255476951599
46,181,0.3407416045665741,0.3113182783126831
46,182,0.3408123850822449,0.3138018548488617
46,183,0.3395255506038666,0.31264641880989075
46,184,0.33860304951667786,0.3098296523094177
46,185,0.3372237980365753,0.3098354935646057
46,186,0.336185097694397,0.3083653151988983
46,187,0.3353293538093567,0.30923107266426086
46,188,0.33426663279533386,0.3079792857170105
46,189,0.33324816823005676,0.307193398475647
46,190,0.33210673928260803,0.30747851729393005
46,191,0.33136430382728577,0.30787619948387146
46,192,0.3304418623447418,0.30803948640823364
46,193,0.32980695366859436,0.3037967085838318
46,194,0.32844242453575134,0.3051425516605377
46,195,0.32734715938568115,0.3048137426376343
46,196,0.3257352113723755,0.30332857370376587
46,197,0.3247774541378021,0.3029181659221649
46,198,0.3244304955005646,0.3046378493309021
46,199,0.32327890396118164,0.30187880992889404
46,200,0.3212638199329376,0.30188676714897156
46,201,0.32027626037597656,0.2985633313655853
46,202,0.3190380036830902,0.2987717092037201
46,203,0.3185189664363861,0.30070623755455017
46,204,0.31676143407821655,0.2986215353012085
46,205,0.3162669837474823,0.2965199649333954
46,206,0.3152119219303131,0.29858461022377014
46,207,0.3135416805744171,0.2977930009365082
46,208,0.31225740909576416,0.29638856649398804
46,209,0.31125199794769287,0.2961918115615845
46,210,0.310335636138916,0.29421892762184143
46,211,0.30950459837913513,0.2954278290271759
46,212,0.3080671727657318,0.29261839389801025
46,213,0.3071500360965729,0.2944854199886322
46,214,0.3065437376499176,0.29530924558639526
46,215,0.3053252696990967,0.29166796803474426
46,216,0.30398818850517273,0.2921849489212036
46,217,0.3031146824359894,0.2930503487586975
46,218,0.3029589056968689,0.29415005445480347
46,219,0.3009834289550781,0.2903614044189453
46,220,0.3003556728363037,0.29211121797561646
46,221,0.2992309629917145,0.2898091971874237
46,222,0.2981649339199066,0.2931045889854431
46,223,0.2974725067615509,0.28684836626052856
46,224,0.29631152749061584,0.29072484374046326
46,225,0.2956933379173279,0.287040650844574
46,226,0.29516923427581787,0.2917807996273041
46,227,0.2941153049468994,0.2890266478061676
46,228,0.29273074865341187,0.29064619541168213
46,229,0.2925298810005188,0.28595826029777527
46,230,0.29150137305259705,0.2878376245498657
46,231,0.29124557971954346,0.2899506986141205
46,232,0.28987348079681396,0.28749212622642517
46,233,0.2893969714641571,0.2883369028568268
46,234,0.28874897956848145,0.289314329624176
46,235,0.28813308477401733,0.28900617361068726
46,236,0.28810733556747437,0.286132276058197
46,237,0.28818705677986145,0.2913475036621094
46,238,0.28695037961006165,0.28551214933395386
46,239,0.2870723307132721,0.28943294286727905
46,240,0.2858279049396515,0.2886032462120056
46,241,0.28491488099098206,0.28624647855758667
46,242,0.2843184173107147,0.28798240423202515
46,243,0.283575177192688,0.2856296896934509
46,244,0.28306862711906433,0.2838534712791443
46,245,0.2826959192752838,0.28517311811447144
46,246,0.2826380729675293,0.2875955402851105
46,247,0.2814825177192688,0.2838958501815796
46,248,0.2812112271785736,0.286035418510437
46,249,0.28056079149246216,0.2847041189670563
46,250,0.28025510907173157,0.28592485189437866
46,251,0.2798044681549072,0.2858329713344574
46,252,0.27947160601615906,0.2843436598777771
46,253,0.279144823551178,0.28271394968032837
46,254,0.2788065969944,0.28434962034225464
46,255,0.27802008390426636,0.28450000286102295
46,256,0.27787312865257263,0.2827860414981842
46,257,0.278095543384552,0.28548139333724976
46,258,0.277781218290329,0.28447461128234863
46,259,0.27704718708992004,0.2854616343975067
46,260,0.2765505313873291,0.2835591733455658
46,261,0.27597835659980774,0.2850804924964905
46,262,0.27602508664131165,0.28307825326919556
46,263,0.2752380073070526,0.2847377359867096
46,264,0.2749335467815399,0.2849608361721039
46,265,0.2751326858997345,0.281885027885437
46,266,0.27482643723487854,0.28379133343696594
46,267,0.2746746838092804,0.283341646194458
46,268,0.274058997631073,0.28333815932273865
46,269,0.2743775248527527,0.28329014778137207
46,270,0.2733362913131714,0.2817017734050751
46,271,0.27351850271224976,0.28528252243995667
46,272,0.272903174161911,0.2813992202281952
46,273,0.27470436692237854,0.282249391078949
46,274,0.27243366837501526,0.284658819437027
46,275,0.2729822099208832,0.28376996517181396
46,276,0.27311232686042786,0.28497979044914246
46,277,0.2718465030193329,0.28295305371284485
46,278,0.27223607897758484,0.28309085965156555
46,279,0.27245619893074036,0.282481849193573
46,280,0.2708419859409332,0.28311312198638916
46,281,0.27141502499580383,0.2863534092903137
46,282,0.2707042694091797,0.28236210346221924
46,283,0.27087751030921936,0.28566139936447144
46,284,0.2702809274196625,0.2865036427974701
46,285,0.2697822153568268,0.2835240960121155
46,286,0.26920759677886963,0.2834399342536926
46,287,0.2692946195602417,0.28606173396110535
46,288,0.26888009905815125,0.2845814526081085
46,289,0.2686409056186676,0.2852376699447632
46,290,0.2691568434238434,0.2857184410095215
46,291,0.2683609127998352,0.28354978561401367
46,292,0.26837533712387085,0.2825467884540558
46,293,0.26902493834495544,0.28585854172706604
46,294,0.26780033111572266,0.2830076813697815
46,295,0.26729142665863037,0.2825889587402344
46,296,0.26706334948539734,0.283577024936676
46,297,0.26705697178840637,0.2850674092769623
46,298,0.2672707736492157,0.28386884927749634
46,299,0.26695284247398376,0.28298720717430115
46,300,0.266554594039917,0.2841463088989258
46,301,0.26672184467315674,0.2865719497203827
46,302,0.2664712965488434,0.2872781455516815
46,303,0.26580142974853516,0.2832430303096771
46,304,0.26595425605773926,0.2837689220905304
46,305,0.26629728078842163,0.28512516617774963
46,306,0.2661135494709015,0.2837466597557068
46,307,0.26557886600494385,0.28258198499679565
46,308,0.2649618983268738,0.2839243710041046
46,309,0.26530036330223083,0.2817244231700897
46,310,0.2649811804294586,0.2854728698730469
46,311,0.2658323049545288,0.28398916125297546
46,312,0.2645159065723419,0.2821590304374695
47,1,1.009727954864502,1.198080062866211
47,2,1.0069518089294434,1.1949260234832764
47,3,1.0042860507965088,1.1922467947006226
47,4,1.0013225078582764,1.1888134479522705
47,5,0.997586727142334,1.1842530965805054
47,6,0.9927129149436951,1.178160309791565
47,7,0.9855684041976929,1.1695057153701782
47,8,0.9758194088935852,1.1580710411071777
47,9,0.9628500938415527,1.1440335512161255
47,10,0.9453719258308411,1.125462293624878
47,11,0.9223213791847229,1.1010770797729492
47,12,0.8940826058387756,1.071611762046814
47,13,0.8688964247703552,1.047318696975708
47,14,0.8474312424659729,1.0255359411239624
47,15,0.8295517563819885,1.010014533996582
47,16,0.8143937587738037,0.9966728687286377
47,17,0.8004375100135803,0.9844973087310791
47,18,0.7877729535102844,0.9758996963500977
47,19,0.7757912278175354,0.9665207266807556
47,20,0.7643336653709412,0.9583567380905151
47,21,0.7534357309341431,0.9506387114524841
47,22,0.742981493473053,0.9418302178382874
47,23,0.7327885031700134,0.9338361024856567
47,24,0.7228872179985046,0.9266347885131836
47,25,0.7134169936180115,0.9186021089553833
47,26,0.7044849991798401,0.9114739894866943
47,27,0.6952711343765259,0.9057164192199707
47,28,0.6857908964157104,0.8988108038902283
47,29,0.6756756901741028,0.8889378309249878
47,30,0.6649774312973022,0.8779501914978027
47,31,0.6534045934677124,0.8679726123809814
47,32,0.6415485143661499,0.8569229245185852
47,33,0.6288896799087524,0.8454251289367676
47,34,0.6161379218101501,0.8312494158744812
47,35,0.6040630340576172,0.8188230991363525
47,36,0.5923087000846863,0.8071539402008057
47,37,0.5803878307342529,0.7950222492218018
47,38,0.568910539150238,0.7811827659606934
47,39,0.5586439371109009,0.7696092128753662
47,40,0.5488302111625671,0.7576831579208374
47,41,0.5398157835006714,0.7458863854408264
47,42,0.5311985015869141,0.7354170083999634
47,43,0.5233227610588074,0.7259674072265625
47,44,0.5161654949188232,0.7175564765930176
47,45,0.5094897150993347,0.7103515863418579
47,46,0.5032362937927246,0.7035190463066101
47,47,0.4971442222595215,0.6953011155128479
47,48,0.4916781187057495,0.6888265609741211
47,49,0.4862746596336365,0.6828811764717102
47,50,0.48119795322418213,0.676478385925293
47,51,0.4764275848865509,0.6698733568191528
47,52,0.4718989133834839,0.6654321551322937
47,53,0.46777835488319397,0.6604109406471252
47,54,0.46397435665130615,0.6541078686714172
47,55,0.4602945148944855,0.6481839418411255
47,56,0.457140177488327,0.6436030864715576
47,57,0.4541449248790741,0.6402010917663574
47,58,0.4513011574745178,0.6373814344406128
47,59,0.4487047791481018,0.6332398653030396
47,60,0.44622379541397095,0.6291565299034119
47,61,0.44399282336235046,0.6271948218345642
47,62,0.44173404574394226,0.6232904195785522
47,63,0.43960678577423096,0.6213456392288208
47,64,0.4375084340572357,0.6174474954605103
47,65,0.4355112612247467,0.6144956350326538
47,66,0.4337232708930969,0.6114290356636047
47,67,0.43203750252723694,0.6085125803947449
47,68,0.43055272102355957,0.6065258979797363
47,69,0.4291197955608368,0.6051932573318481
47,70,0.42800915241241455,0.6019348502159119
47,71,0.42649173736572266,0.5992225408554077
47,72,0.42491716146469116,0.598069965839386
47,73,0.4234082102775574,0.5969003438949585
47,74,0.4222069978713989,0.5944820642471313
47,75,0.42099347710609436,0.5921289324760437
47,76,0.41982415318489075,0.5898037552833557
47,77,0.41860485076904297,0.5886207222938538
47,78,0.41752415895462036,0.5866026878356934
47,79,0.4167290925979614,0.5847371220588684
47,80,0.41578954458236694,0.5840759873390198
47,81,0.4144747257232666,0.583383321762085
47,82,0.4134935140609741,0.5819465517997742
47,83,0.4125564694404602,0.5795833468437195
47,84,0.4115874469280243,0.5782310366630554
47,85,0.4107625484466553,0.5776506662368774
47,86,0.40986689925193787,0.5765756964683533
47,87,0.4090080261230469,0.5754103660583496
47,88,0.4087004065513611,0.5755652785301208
47,89,0.40757864713668823,0.572315514087677
47,90,0.4066275358200073,0.5718740820884705
47,91,0.4056471884250641,0.5719423890113831
47,92,0.4048181474208832,0.5703585743904114
47,93,0.4037281274795532,0.5693528652191162
47,94,0.4029238224029541,0.5682554841041565
47,95,0.4018949270248413,0.5680989027023315
47,96,0.40116631984710693,0.5659236311912537
47,97,0.40014025568962097,0.5631826519966125
47,98,0.3991956114768982,0.5616798996925354
47,99,0.3982693552970886,0.5614551901817322
47,100,0.39752960205078125,0.5605731010437012
47,101,0.3968392014503479,0.5611806511878967
47,102,0.39568910002708435,0.5601539611816406
47,103,0.3949362635612488,0.5590898990631104
47,104,0.39393043518066406,0.5569611191749573
47,105,0.3931262791156769,0.5553149580955505
47,106,0.39210763573646545,0.5556988716125488
47,107,0.39157581329345703,0.555425763130188
47,108,0.39068087935447693,0.5531798005104065
47,109,0.38990503549575806,0.5527307987213135
47,110,0.3892635703086853,0.5539540648460388
47,111,0.3883343040943146,0.5521525144577026
47,112,0.3876936733722687,0.552725076675415
47,113,0.3875354826450348,0.5510374903678894
47,114,0.3864506185054779,0.5508855581283569
47,115,0.3862105906009674,0.5523214340209961
47,116,0.38585227727890015,0.5504138469696045
47,117,0.3848724663257599,0.5491318702697754
47,118,0.3839757740497589,0.5495008826255798
47,119,0.3839726150035858,0.5473449230194092
47,120,0.3831341564655304,0.5491566061973572
47,121,0.3823596239089966,0.5479910969734192
47,122,0.3819030225276947,0.5479717254638672
47,123,0.38125333189964294,0.5462977886199951
47,124,0.38095495104789734,0.5461585521697998
47,125,0.38035741448402405,0.5458878874778748
47,126,0.38041189312934875,0.5476477146148682
47,127,0.37967631220817566,0.5470815300941467
47,128,0.3789995610713959,0.5455886125564575
47,129,0.37851661443710327,0.5435125231742859
47,130,0.378213107585907,0.5427619218826294
47,131,0.3775333762168884,0.5419324040412903
47,132,0.37694743275642395,0.5431757569313049
47,133,0.37647172808647156,0.5416571497917175
47,134,0.37622731924057007,0.5423930883407593
47,135,0.375758558511734,0.5426884889602661
47,136,0.3752143681049347,0.5401955246925354
47,137,0.37464120984077454,0.5398846864700317
47,138,0.3743675947189331,0.5379172563552856
47,139,0.3738645613193512,0.5395404100418091
47,140,0.3736761212348938,0.538640022277832
47,141,0.37306082248687744,0.5389474034309387
47,142,0.37291473150253296,0.5381737351417542
47,143,0.37228813767433167,0.5376550555229187
47,144,0.3719432055950165,0.5366765856742859
47,145,0.3717972934246063,0.5369845032691956
47,146,0.371448278427124,0.5363227128982544
47,147,0.37113943696022034,0.538905143737793
47,148,0.370402067899704,0.5379660129547119
47,149,0.3700726628303528,0.5365039706230164
47,150,0.36980578303337097,0.5363808274269104
47,151,0.36926329135894775,0.5344355702400208
47,152,0.3688960671424866,0.5350650548934937
47,153,0.36869844794273376,0.5333998203277588
47,154,0.36803945899009705,0.5325025320053101
47,155,0.3677618205547333,0.532129168510437
47,156,0.3675316274166107,0.531493604183197
47,157,0.3674553632736206,0.53142249584198
47,158,0.3668561577796936,0.531217098236084
47,159,0.3664425313472748,0.5302389860153198
47,160,0.36616578698158264,0.5322280526161194
47,161,0.36558324098587036,0.5312263369560242
47,162,0.3653346002101898,0.5292767286300659
47,163,0.36488232016563416,0.5287557244300842
47,164,0.36443188786506653,0.5296990871429443
47,165,0.3645452558994293,0.5289541482925415
47,166,0.36383727192878723,0.5289679765701294
47,167,0.36340242624282837,0.5288676619529724
47,168,0.362978994846344,0.5266931653022766
47,169,0.36279016733169556,0.5268719792366028
47,170,0.3623387813568115,0.5282033681869507
47,171,0.3620385527610779,0.5271340608596802
47,172,0.36151406168937683,0.5268808603286743
47,173,0.3614676892757416,0.5238407254219055
47,174,0.3611638844013214,0.5269980430603027
47,175,0.36071252822875977,0.5258988738059998
47,176,0.3610436022281647,0.5257939100265503
47,177,0.36049529910087585,0.5262697339057922
47,178,0.3602055609226227,0.5262628793716431
47,179,0.35939350724220276,0.5252646803855896
47,180,0.35937637090682983,0.5223507285118103
47,181,0.358931303024292,0.5254801511764526
47,182,0.35884201526641846,0.5258163213729858
47,183,0.35832056403160095,0.5233864784240723
47,184,0.35784462094306946,0.5236077904701233
47,185,0.3573756515979767,0.5242582559585571
47,186,0.3570047914981842,0.5240219235420227
47,187,0.35653969645500183,0.5234909653663635
47,188,0.3561619520187378,0.5228443741798401
47,189,0.3559591770172119,0.521793007850647
47,190,0.3563045859336853,0.5218123197555542
47,191,0.3554302752017975,0.5206131339073181
47,192,0.3547309935092926,0.5194974541664124
47,193,0.3543274700641632,0.5192322134971619
47,194,0.35451725125312805,0.5186507701873779
47,195,0.35411563515663147,0.5162957906723022
47,196,0.3533954322338104,0.5168142318725586
47,197,0.3533439636230469,0.5167865753173828
47,198,0.3527018427848816,0.5167710781097412
47,199,0.3524642586708069,0.517122745513916
47,200,0.352239191532135,0.5162162780761719
47,201,0.3517529368400574,0.5178806781768799
47,202,0.3514505922794342,0.5160222053527832
47,203,0.35110166668891907,0.5156524181365967
47,204,0.3506571650505066,0.5165824890136719
47,205,0.3507947027683258,0.5155936479568481
47,206,0.3513854444026947,0.517043948173523
47,207,0.3496687412261963,0.5145860314369202
47,208,0.3492864966392517,0.5147807598114014
47,209,0.3492251932621002,0.5135928988456726
47,210,0.34898582100868225,0.5149713158607483
47,211,0.348512202501297,0.5140830874443054
47,212,0.3481912910938263,0.5144416093826294
47,213,0.347890704870224,0.512342631816864
47,214,0.34772083163261414,0.5133806467056274
47,215,0.3474653661251068,0.5119600296020508
47,216,0.3468940854072571,0.5110276341438293
47,217,0.3468484878540039,0.5089190602302551
47,218,0.346761554479599,0.5099004507064819
47,219,0.3463860750198364,0.5109269618988037
47,220,0.34620773792266846,0.5107391476631165
47,221,0.3458804786205292,0.5084223747253418
47,222,0.34529760479927063,0.5083113312721252
47,223,0.3447381854057312,0.5077471137046814
47,224,0.34445831179618835,0.5045188665390015
47,225,0.3442019522190094,0.5070199370384216
47,226,0.3439803123474121,0.5072092413902283
47,227,0.3435344398021698,0.5072100162506104
47,228,0.3434019982814789,0.5070146918296814
47,229,0.34332916140556335,0.5056915283203125
47,230,0.34276822209358215,0.5048784613609314
47,231,0.34225210547447205,0.5061751008033752
47,232,0.3420800566673279,0.5047225952148438
47,233,0.34158527851104736,0.5051267147064209
47,234,0.34137535095214844,0.5040669441223145
47,235,0.3414062559604645,0.5045586824417114
47,236,0.3413393795490265,0.5051034092903137
47,237,0.34070220589637756,0.502289891242981
47,238,0.340376615524292,0.5016179084777832
47,239,0.34029626846313477,0.5020684003829956
47,240,0.34008368849754333,0.5008482336997986
47,241,0.33974477648735046,0.5028167366981506
47,242,0.339254766702652,0.501610517501831
47,243,0.3388194739818573,0.5013736486434937
47,244,0.33875811100006104,0.5003421902656555
47,245,0.3383927643299103,0.5016857385635376
47,246,0.3378753662109375,0.5010194182395935
47,247,0.3377598822116852,0.5014758110046387
47,248,0.33771321177482605,0.5000697374343872
47,249,0.3380509912967682,0.5012545585632324
47,250,0.3371964693069458,0.49842795729637146
47,251,0.3368808329105377,0.49910321831703186
47,252,0.3366289734840393,0.49700507521629333
47,253,0.3363766074180603,0.4964190423488617
47,254,0.3362017273902893,0.4978712797164917
47,255,0.33584192395210266,0.49644774198532104
47,256,0.33563804626464844,0.4977551996707916
47,257,0.3358193635940552,0.4960877597332001
47,258,0.3350595235824585,0.49857670068740845
47,259,0.3349781334400177,0.49648192524909973
47,260,0.3346506953239441,0.4977104365825653
47,261,0.33451247215270996,0.4955730140209198
47,262,0.33418333530426025,0.49505844712257385
47,263,0.3341347575187683,0.49515417218208313
47,264,0.33383145928382874,0.49500784277915955
47,265,0.33352839946746826,0.49623116850852966
47,266,0.3331727981567383,0.49625906348228455
47,267,0.33320939540863037,0.49791786074638367
47,268,0.33294928073883057,0.49677807092666626
47,269,0.3327418267726898,0.4954053461551666
47,270,0.33231493830680847,0.49410519003868103
47,271,0.3324459493160248,0.4952177405357361
47,272,0.3323517441749573,0.4937039017677307
47,273,0.33146733045578003,0.49389222264289856
47,274,0.33146026730537415,0.49378809332847595
47,275,0.33117803931236267,0.49344852566719055
47,276,0.3307861387729645,0.4942461848258972
47,277,0.3305881917476654,0.4940033257007599
47,278,0.33048856258392334,0.4930979311466217
47,279,0.33026424050331116,0.49158158898353577
47,280,0.3300601840019226,0.4908851683139801
47,281,0.3298550546169281,0.49061745405197144
47,282,0.33030638098716736,0.4908064901828766
47,283,0.32964372634887695,0.4912397265434265
47,284,0.32921022176742554,0.4914304316043854
47,285,0.32943493127822876,0.49224939942359924
47,286,0.3290973901748657,0.49111536145210266
47,287,0.3287598490715027,0.4901118576526642
47,288,0.32864072918891907,0.4917566776275635
47,289,0.32850393652915955,0.4900835156440735
47,290,0.32817259430885315,0.4902385473251343
47,291,0.32781335711479187,0.4894249141216278
47,292,0.3277088701725006,0.49059003591537476
47,293,0.3275994062423706,0.4885205328464508
47,294,0.32730281352996826,0.4879024028778076
47,295,0.3271726071834564,0.4883958101272583
47,296,0.32716792821884155,0.49016764760017395
47,297,0.3267618417739868,0.48964086174964905
47,298,0.3263876736164093,0.48973551392555237
47,299,0.32625073194503784,0.49046075344085693
47,300,0.32610630989074707,0.48890551924705505
47,301,0.3259045481681824,0.48787564039230347
47,302,0.3257555067539215,0.4887665808200836
47,303,0.3255036473274231,0.4894152879714966
47,304,0.32555922865867615,0.48785290122032166
47,305,0.3252986967563629,0.48722100257873535
47,306,0.3250744640827179,0.4863305687904358
47,307,0.3248279094696045,0.4869353771209717
47,308,0.32501208782196045,0.48841220140457153
47,309,0.32454967498779297,0.4871741831302643
47,310,0.32464611530303955,0.48697248101234436
47,311,0.32427963614463806,0.4863857328891754
47,312,0.3243195414543152,0.4886684715747833
47,313,0.3238952159881592,0.48655110597610474
47,314,0.32358428835868835,0.48523932695388794
47,315,0.3236183822154999,0.4852122664451599
47,316,0.32342153787612915,0.4866965115070343
47,317,0.32331737875938416,0.4849272072315216
47,318,0.32346558570861816,0.4877660870552063
47,319,0.32300397753715515,0.487477570772171
47,320,0.322618693113327,0.4852604866027832
47,321,0.3227140009403229,0.4854765236377716
47,322,0.32223695516586304,0.48638293147087097
47,323,0.322297602891922,0.4857065975666046
47,324,0.3220202326774597,0.4849984347820282
47,325,0.3219573199748993,0.4862419068813324
47,326,0.3216729164123535,0.48725834488868713
47,327,0.32148417830467224,0.4888157248497009
47,328,0.32149767875671387,0.4877650737762451
47,329,0.3212589621543884,0.485864520072937
47,330,0.32071825861930847,0.48508068919181824
47,331,0.32074400782585144,0.4847205579280853
47,332,0.32061541080474854,0.4852645695209503
47,333,0.32040315866470337,0.4836876094341278
47,334,0.32046452164649963,0.4842342436313629
47,335,0.32068610191345215,0.4845551550388336
47,336,0.3198796808719635,0.4840339422225952
47,337,0.3202046751976013,0.4846416413784027
47,338,0.3196463882923126,0.48314836621284485
47,339,0.3199360966682434,0.4825100600719452
47,340,0.3197544515132904,0.48242050409317017
47,341,0.3192320466041565,0.48190876841545105
47,342,0.3190186023712158,0.4829511046409607
47,343,0.3188987970352173,0.4829283654689789
47,344,0.3188776671886444,0.483355313539505
47,345,0.3186279535293579,0.4833516478538513
47,346,0.3185350298881531,0.4822564125061035
47,347,0.31850728392601013,0.4838305711746216
47,348,0.3180921673774719,0.48360475897789
47,349,0.3179730772972107,0.4817988872528076
47,350,0.3180823028087616,0.48313021659851074
47,351,0.31753891706466675,0.4839828610420227
47,352,0.3180978298187256,0.48371362686157227
47,353,0.31826433539390564,0.48061054944992065
47,354,0.317523717880249,0.4827500581741333
47,355,0.31749099493026733,0.4831925332546234
47,356,0.31688839197158813,0.4838220477104187
47,357,0.3169030249118805,0.48346176743507385
47,358,0.3168462812900543,0.48162901401519775
47,359,0.3170820474624634,0.4849875271320343
47,360,0.31682851910591125,0.48297548294067383
47,361,0.3164530098438263,0.4803379774093628
47,362,0.3163614869117737,0.4813314974308014
47,363,0.31592556834220886,0.4819782078266144
47,364,0.31655728816986084,0.4825463891029358
47,365,0.31564146280288696,0.4805344343185425
47,366,0.3159826397895813,0.47964245080947876
47,367,0.31597647070884705,0.48211565613746643
47,368,0.31546688079833984,0.4832330048084259
47,369,0.3152960538864136,0.4830602705478668
47,370,0.314903199672699,0.48115360736846924
47,371,0.3148793578147888,0.4809611737728119
47,372,0.31481486558914185,0.4807947278022766
47,373,0.31481432914733887,0.48064669966697693
47,374,0.3150031268596649,0.4812883138656616
47,375,0.3147381842136383,0.4802367091178894
47,376,0.3146056532859802,0.48133882880210876
47,377,0.31420931220054626,0.4810844957828522
47,378,0.31451112031936646,0.4813025891780853
47,379,0.3142099976539612,0.4816852807998657
47,380,0.31393706798553467,0.4804233908653259
47,381,0.313658744096756,0.4804650545120239
47,382,0.31343793869018555,0.47996607422828674
47,383,0.31341633200645447,0.48039838671684265
47,384,0.31325244903564453,0.479143887758255
47,385,0.31317049264907837,0.4798303544521332
47,386,0.31314945220947266,0.48096781969070435
47,387,0.31303051114082336,0.480216383934021
47,388,0.3130945861339569,0.4808892607688904
47,389,0.31280457973480225,0.4795841574668884
47,390,0.31299471855163574,0.48005837202072144
47,391,0.3125219941139221,0.4809383749961853
47,392,0.31253963708877563,0.4816237688064575
47,393,0.31213125586509705,0.48085126280784607
47,394,0.3120954930782318,0.48020344972610474
47,395,0.31259721517562866,0.48056796193122864
47,396,0.31196480989456177,0.48116251826286316
47,397,0.311523973941803,0.47873014211654663
47,398,0.31163328886032104,0.48083850741386414
47,399,0.3118216097354889,0.48019489645957947
47,400,0.3117542564868927,0.48117774724960327
47,401,0.31124547123908997,0.4793396294116974
47,402,0.3114026188850403,0.48072755336761475
47,403,0.3111100196838379,0.4789535105228424
47,404,0.31102776527404785,0.47906801104545593
47,405,0.31085047125816345,0.4790235757827759
47,406,0.31110724806785583,0.47987282276153564
47,407,0.3105774521827698,0.4800068736076355
47,408,0.31027501821517944,0.4799903333187103
47,409,0.3103266656398773,0.47961750626564026
47,410,0.3101752698421478,0.480078786611557
47,411,0.3098668158054352,0.47856372594833374
47,412,0.3097352683544159,0.48031526803970337
47,413,0.30984148383140564,0.48133906722068787
47,414,0.30960726737976074,0.48167547583580017
47,415,0.3093954622745514,0.48117807507514954
47,416,0.30921950936317444,0.48159682750701904
47,417,0.30916234850883484,0.4806442856788635
47,418,0.3089531362056732,0.4787849485874176
47,419,0.3089069724082947,0.47883936762809753
47,420,0.3088044822216034,0.47843268513679504
47,421,0.3086397647857666,0.479593425989151
47,422,0.30886173248291016,0.4807170033454895
47,423,0.30856817960739136,0.47979220747947693
47,424,0.3087741434574127,0.4791516065597534
47,425,0.30849283933639526,0.4787459373474121
47,426,0.3081842362880707,0.4783608317375183
47,427,0.3082796037197113,0.47748589515686035
47,428,0.30804768204689026,0.47702258825302124
47,429,0.30789071321487427,0.475628137588501
47,430,0.3079717755317688,0.47863948345184326
47,431,0.30739492177963257,0.4792212247848511
47,432,0.3073105216026306,0.477969229221344
47,433,0.3071410357952118,0.47794467210769653
47,434,0.3074388802051544,0.476800799369812
47,435,0.30704471468925476,0.4775256812572479
47,436,0.3068561255931854,0.4778803884983063
47,437,0.30668193101882935,0.47624754905700684
47,438,0.3064911961555481,0.4779646098613739
47,439,0.3061077296733856,0.47812584042549133
47,440,0.30620455741882324,0.4770769774913788
47,441,0.3063649833202362,0.47789543867111206
47,442,0.3062363564968109,0.476614773273468
47,443,0.3059678375720978,0.4766601622104645
47,444,0.3056686520576477,0.476819783449173
47,445,0.30556780099868774,0.47628504037857056
47,446,0.3055849075317383,0.4771696627140045
47,447,0.3053978383541107,0.47676002979278564
47,448,0.305135577917099,0.4792114198207855
47,449,0.30498602986335754,0.47819462418556213
47,450,0.304649293422699,0.4786195456981659
47,451,0.3045116364955902,0.47720614075660706
47,452,0.30440449714660645,0.47803249955177307
47,453,0.30435171723365784,0.4783083200454712
47,454,0.3039742410182953,0.4780917465686798
47,455,0.30403709411621094,0.47871020436286926
47,456,0.3037956953048706,0.4776444137096405
47,457,0.3033600151538849,0.4766848683357239
47,458,0.30343860387802124,0.47816821932792664
47,459,0.3033730387687683,0.47689807415008545
47,460,0.30291634798049927,0.47619524598121643
47,461,0.3028985261917114,0.4772642254829407
47,462,0.30291086435317993,0.4773658215999603
47,463,0.30282703042030334,0.47912752628326416
47,464,0.30246269702911377,0.4760739207267761
47,465,0.3023186922073364,0.47587665915489197
47,466,0.30180230736732483,0.4753778278827667
47,467,0.30173173546791077,0.4760476350784302
47,468,0.30152416229248047,0.47596827149391174
47,469,0.3013499975204468,0.47507521510124207
47,470,0.3011431396007538,0.47471997141838074
47,471,0.3009850084781647,0.4752475917339325
47,472,0.30085793137550354,0.4746693968772888
47,473,0.30071187019348145,0.4760027229785919
47,474,0.3005637228488922,0.4779796302318573
47,475,0.3001386821269989,0.476860910654068
47,476,0.30005666613578796,0.47694131731987
47,477,0.2997232973575592,0.47616901993751526
47,478,0.29945504665374756,0.47401532530784607
47,479,0.29916679859161377,0.47549405694007874
47,480,0.2992958724498749,0.47512492537498474
47,481,0.2987416386604309,0.4740273952484131
47,482,0.298709511756897,0.4733627736568451
47,483,0.2983815670013428,0.4757746756076813
47,484,0.2979430556297302,0.4741035997867584
47,485,0.2978234589099884,0.47164008021354675
47,486,0.2977380156517029,0.4748711884021759
47,487,0.2976718842983246,0.4735570549964905
47,488,0.29732006788253784,0.47280561923980713
47,489,0.29688894748687744,0.47252023220062256
47,490,0.2969479560852051,0.47450268268585205
47,491,0.296811580657959,0.47420161962509155
47,492,0.2965362071990967,0.4735495448112488
47,493,0.2961972951889038,0.4741820693016052
47,494,0.295906662940979,0.47291314601898193
47,495,0.2958986461162567,0.47180992364883423
47,496,0.2955532371997833,0.4727451503276825
47,497,0.2953372597694397,0.4743582308292389
47,498,0.2951737940311432,0.47423914074897766
47,499,0.2951580286026001,0.4724957346916199
47,500,0.29487892985343933,0.471515029668808
48,1,1.0373814105987549,1.201470136642456
48,2,1.0298534631729126,1.1946252584457397
48,3,1.0240123271942139,1.1887129545211792
48,4,1.0190385580062866,1.1837304830551147
48,5,1.0142672061920166,1.1788198947906494
48,6,1.0098448991775513,1.1739095449447632
48,7,1.0052481889724731,1.168515920639038
48,8,1.000118374824524,1.161688208580017
48,9,0.9939622282981873,1.153840184211731
48,10,0.9853560924530029,1.1421009302139282
48,11,0.9738348722457886,1.1282070875167847
48,12,0.9575088620185852,1.1091467142105103
48,13,0.9341581463813782,1.0816370248794556
48,14,0.9009583592414856,1.043036937713623
48,15,0.8589613437652588,0.9954768419265747
48,16,0.8137974143028259,0.9455124735832214
48,17,0.7774235606193542,0.9027591347694397
48,18,0.747166633605957,0.8655881881713867
48,19,0.7211849093437195,0.8342665433883667
48,20,0.7009348273277283,0.8122373819351196
48,21,0.6849127411842346,0.7949421405792236
48,22,0.6717317700386047,0.7816057205200195
48,23,0.6606670618057251,0.7711998224258423
48,24,0.6510980725288391,0.7607318162918091
48,25,0.6427091956138611,0.7527475953102112
48,26,0.634719967842102,0.7444677352905273
48,27,0.626696765422821,0.7366635799407959
48,28,0.6189452409744263,0.7280392050743103
48,29,0.6111994981765747,0.7192434668540955
48,30,0.6040758490562439,0.7111685872077942
48,31,0.5974015593528748,0.7039853930473328
48,32,0.5905264616012573,0.6964645981788635
48,33,0.5841128826141357,0.6884031891822815
48,34,0.5774500370025635,0.6804284453392029
48,35,0.5714929699897766,0.6753095984458923
48,36,0.5658684372901917,0.6698882579803467
48,37,0.5602761507034302,0.6635293364524841
48,38,0.5547108054161072,0.6555708646774292
48,39,0.5493106842041016,0.6484095454216003
48,40,0.5445589423179626,0.6431747674942017
48,41,0.5394229292869568,0.6378393173217773
48,42,0.5344459414482117,0.6310322284698486
48,43,0.5298867225646973,0.6258285641670227
48,44,0.5258027911186218,0.6207215189933777
48,45,0.5216235518455505,0.615097165107727
48,46,0.5175424814224243,0.6094833016395569
48,47,0.5135999917984009,0.6054465770721436
48,48,0.5099037885665894,0.5999756455421448
48,49,0.5062823295593262,0.5937632322311401
48,50,0.5030100345611572,0.590813159942627
48,51,0.4999502897262573,0.5878058075904846
48,52,0.4965860843658447,0.5826907753944397
48,53,0.49373772740364075,0.5805419683456421
48,54,0.49082571268081665,0.5773918628692627
48,55,0.4881202280521393,0.5750395059585571
48,56,0.4860329031944275,0.5734243392944336
48,57,0.4838612377643585,0.570651113986969
48,58,0.4818003177642822,0.5675197839736938
48,59,0.4807336926460266,0.5687620639801025
48,60,0.47841784358024597,0.5649191737174988
48,61,0.4767942726612091,0.5609269738197327
48,62,0.4749087989330292,0.5595737099647522
48,63,0.4734756648540497,0.558022677898407
48,64,0.4719231128692627,0.5562034249305725
48,65,0.47080519795417786,0.5557913184165955
48,66,0.4694426655769348,0.5541852712631226
48,67,0.46835505962371826,0.5532261729240417
48,68,0.46695515513420105,0.5504581928253174
48,69,0.46572205424308777,0.5497050285339355
48,70,0.4645301401615143,0.5479163527488708
48,71,0.46363410353660583,0.549285352230072
48,72,0.4623488485813141,0.5467816591262817
48,73,0.4612649083137512,0.5460642576217651
48,74,0.4601955711841583,0.5449303388595581
48,75,0.4593697190284729,0.5445722341537476
48,76,0.4585293233394623,0.542748212814331
48,77,0.4575473368167877,0.5437811017036438
48,78,0.45654669404029846,0.5435277223587036
48,79,0.45595741271972656,0.5416050553321838
48,80,0.45494189858436584,0.5403374433517456
48,81,0.4539811611175537,0.539271354675293
48,82,0.4532265067100525,0.5414607524871826
48,83,0.45234203338623047,0.5397577285766602
48,84,0.4515080451965332,0.5373280644416809
48,85,0.4508477747440338,0.5359705686569214
48,86,0.45015308260917664,0.5349114537239075
48,87,0.45043861865997314,0.5375871062278748
48,88,0.44930851459503174,0.5359814763069153
48,89,0.448025107383728,0.5338026881217957
48,90,0.4472793936729431,0.5324484705924988
48,91,0.44665229320526123,0.533488929271698
48,92,0.4459521174430847,0.5343006253242493
48,93,0.44523996114730835,0.5333878397941589
48,94,0.444546639919281,0.530462920665741
48,95,0.443877637386322,0.5295670628547668
48,96,0.443460613489151,0.5316256284713745
48,97,0.4424361288547516,0.5300186276435852
48,98,0.44194942712783813,0.5284610390663147
48,99,0.4414905309677124,0.5280072689056396
48,100,0.4408968389034271,0.5299158692359924
48,101,0.44038864970207214,0.530507504940033
48,102,0.4396998882293701,0.5286256074905396
48,103,0.43911540508270264,0.525659441947937
48,104,0.4383595883846283,0.5265761017799377
48,105,0.43778666853904724,0.5270945429801941
48,106,0.43724381923675537,0.5264425277709961
48,107,0.43686628341674805,0.52591472864151
48,108,0.43599769473075867,0.5249910950660706
48,109,0.43545031547546387,0.523193359375
48,110,0.43497568368911743,0.5224639773368835
48,111,0.43435338139533997,0.5222871899604797
48,112,0.43413046002388,0.525084912776947
48,113,0.4333927631378174,0.5221292972564697
48,114,0.43306130170822144,0.5207870006561279
48,115,0.4326091706752777,0.5206448435783386
48,116,0.4318886399269104,0.5207831859588623
48,117,0.4315074682235718,0.5230603814125061
48,118,0.4308331608772278,0.5225534439086914
48,119,0.43034836649894714,0.5218448042869568
48,120,0.4298643469810486,0.5180987119674683
48,121,0.4294390380382538,0.5161213278770447
48,122,0.428952157497406,0.518964946269989
48,123,0.4288078248500824,0.5189569592475891
48,124,0.4279559254646301,0.5155408382415771
48,125,0.42739957571029663,0.517601728439331
48,126,0.4269377887248993,0.5176516771316528
48,127,0.4267280697822571,0.5187612175941467
48,128,0.42616164684295654,0.5191624760627747
48,129,0.42541059851646423,0.5175495743751526
48,130,0.42470213770866394,0.5169073343276978
48,131,0.4242206811904907,0.5162832140922546
48,132,0.4238305687904358,0.5157111287117004
48,133,0.42339444160461426,0.5164840221405029
48,134,0.42298686504364014,0.5165842771530151
48,135,0.4224853217601776,0.5169100165367126
48,136,0.4220455288887024,0.5128839612007141
48,137,0.42152950167655945,0.5131527781486511
48,138,0.4212343394756317,0.5134803056716919
48,139,0.42066335678100586,0.5140025615692139
48,140,0.42020031809806824,0.5136100053787231
48,141,0.41964423656463623,0.5111747980117798
48,142,0.4200248718261719,0.5105082988739014
48,143,0.4190470576286316,0.506864070892334
48,144,0.4185035228729248,0.5077393651008606
48,145,0.4177882969379425,0.5091439485549927
48,146,0.4172618091106415,0.5098121166229248
48,147,0.41649919748306274,0.5105014443397522
48,148,0.4159963130950928,0.5083998441696167
48,149,0.4152893126010895,0.5080568790435791
48,150,0.4149024188518524,0.5058586597442627
48,151,0.41510385274887085,0.5067267417907715
48,152,0.41386789083480835,0.5065202116966248
48,153,0.4134237766265869,0.5065160989761353
48,154,0.4127327501773834,0.5074244141578674
48,155,0.41215598583221436,0.5077577829360962
48,156,0.41158726811408997,0.5082395672798157
48,157,0.410962849855423,0.5084611177444458
48,158,0.4104454517364502,0.5074553489685059
48,159,0.4097709655761719,0.507483720779419
48,160,0.40934377908706665,0.5087714195251465
48,161,0.4086991250514984,0.5092595219612122
48,162,0.40823236107826233,0.5077869296073914
48,163,0.4075496196746826,0.5062374472618103
48,164,0.40688440203666687,0.5069769024848938
48,165,0.40637943148612976,0.5079124569892883
48,166,0.4055326282978058,0.5061100125312805
48,167,0.4051845371723175,0.5046914219856262
48,168,0.40441691875457764,0.5040015578269958
48,169,0.4038172662258148,0.5046117901802063
48,170,0.4031730592250824,0.5032300353050232
48,171,0.40265676379203796,0.5028023719787598
48,172,0.40225568413734436,0.5034685730934143
48,173,0.4013318419456482,0.5020665526390076
48,174,0.40090450644493103,0.5022033452987671
48,175,0.40019288659095764,0.5034460425376892
48,176,0.4000324308872223,0.5058901906013489
48,177,0.39911648631095886,0.5027265548706055
48,178,0.3986341953277588,0.5023571848869324
48,179,0.39818936586380005,0.4991174638271332
48,180,0.3981482684612274,0.49901628494262695
48,181,0.3968198597431183,0.4988904595375061
48,182,0.3958086371421814,0.49933353066444397
48,183,0.3951016366481781,0.4986807107925415
48,184,0.3945930004119873,0.4997907876968384
48,185,0.39437100291252136,0.5006919503211975
48,186,0.3932405412197113,0.5002842545509338
48,187,0.3927021324634552,0.49832266569137573
48,188,0.39266839623451233,0.4972497224807739
48,189,0.3916019797325134,0.497327595949173
48,190,0.3908192217350006,0.4969668388366699
48,191,0.39016708731651306,0.4971940815448761
48,192,0.3899703323841095,0.49856844544410706
48,193,0.38901057839393616,0.4972054958343506
48,194,0.38824230432510376,0.4931243062019348
48,195,0.38798272609710693,0.4922540485858917
48,196,0.38695088028907776,0.49219727516174316
48,197,0.38612133264541626,0.49191784858703613
48,198,0.38551878929138184,0.4936491549015045
48,199,0.3849686086177826,0.49347344040870667
48,200,0.3844854235649109,0.4940491318702698
48,201,0.3837089240550995,0.49211788177490234
48,202,0.3831127882003784,0.4913634955883026
48,203,0.38262739777565,0.49026817083358765
48,204,0.3817623257637024,0.4902251362800598
48,205,0.38098612427711487,0.48984065651893616
48,206,0.3807127773761749,0.48829585313796997
48,207,0.3798382580280304,0.48708945512771606
48,208,0.37950387597084045,0.4873625338077545
48,209,0.3785727918148041,0.4857812523841858
48,210,0.3779292702674866,0.4860347807407379
48,211,0.3775271475315094,0.48978960514068604
48,212,0.37705156207084656,0.48669636249542236
48,213,0.3761163353919983,0.48329317569732666
48,214,0.37539616227149963,0.4834803342819214
48,215,0.3746815025806427,0.482459157705307
48,216,0.37411975860595703,0.4828813970088959
48,217,0.373542845249176,0.48132455348968506
48,218,0.3729339838027954,0.4808443486690521
48,219,0.37212052941322327,0.4797469675540924
48,220,0.37153875827789307,0.4809805750846863
48,221,0.3707749545574188,0.4791468381881714
48,222,0.37019965052604675,0.4782550036907196
48,223,0.36956220865249634,0.4776143729686737
48,224,0.36899232864379883,0.4767892062664032
48,225,0.36838001012802124,0.4754631817340851
48,226,0.36770594120025635,0.47545668482780457
48,227,0.3674245774745941,0.4758259952068329
48,228,0.3665536046028137,0.47604474425315857
48,229,0.36608049273490906,0.47484952211380005
48,230,0.36533448100090027,0.4722089171409607
48,231,0.3646782636642456,0.47185254096984863
48,232,0.3642563819885254,0.47226083278656006
48,233,0.3638554811477661,0.4700801968574524
48,234,0.3630067706108093,0.46994155645370483
48,235,0.36255303025245667,0.46782928705215454
48,236,0.3618391752243042,0.4670509696006775
48,237,0.3612114489078522,0.46544504165649414
48,238,0.36104583740234375,0.46630463004112244
48,239,0.3600664734840393,0.4642423093318939
48,240,0.3595059812068939,0.46402326226234436
48,241,0.35887518525123596,0.463056355714798
48,242,0.35835057497024536,0.46016740798950195
48,243,0.3577077388763428,0.4599924683570862
48,244,0.357124924659729,0.4583169221878052
48,245,0.35666897892951965,0.4584144651889801
48,246,0.35600799322128296,0.4590141177177429
48,247,0.35522398352622986,0.4571778178215027
48,248,0.35487601161003113,0.4573825001716614
48,249,0.35421958565711975,0.4581776559352875
48,250,0.3535711169242859,0.45551395416259766
48,251,0.3531484305858612,0.4531712234020233
48,252,0.35248053073883057,0.4525957703590393
48,253,0.35239940881729126,0.4504644572734833
48,254,0.35141173005104065,0.4507720172405243
48,255,0.35094186663627625,0.44996774196624756
48,256,0.35011664032936096,0.44850456714630127
48,257,0.3495025336742401,0.44918113946914673
48,258,0.3492582142353058,0.44438236951828003
48,259,0.34886419773101807,0.44663020968437195
48,260,0.3479200005531311,0.4459618031978607
48,261,0.3473620116710663,0.4442251920700073
48,262,0.3470948040485382,0.4478381872177124
48,263,0.3461386561393738,0.44420325756073
48,264,0.34602290391921997,0.44202375411987305
48,265,0.3450371325016022,0.44389092922210693
48,266,0.34455788135528564,0.44481346011161804
48,267,0.3437711298465729,0.44333311915397644
48,268,0.34316104650497437,0.440417617559433
48,269,0.3428474962711334,0.4375464916229248
48,270,0.34205472469329834,0.4381404221057892
48,271,0.3413451910018921,0.43836691975593567
48,272,0.3407893776893616,0.44049641489982605
48,273,0.3402223289012909,0.44279080629348755
48,274,0.33947789669036865,0.4403010904788971
48,275,0.33887195587158203,0.440582275390625
48,276,0.33837035298347473,0.4388996958732605
48,277,0.337894469499588,0.43929341435432434
48,278,0.33723950386047363,0.43698298931121826
48,279,0.3368226885795593,0.4376828074455261
48,280,0.33600887656211853,0.4357460141181946
48,281,0.3359600603580475,0.4353295564651489
48,282,0.3354049026966095,0.4348876476287842
48,283,0.33506661653518677,0.4320816993713379
48,284,0.3339036703109741,0.4316447973251343
48,285,0.3335694670677185,0.43083834648132324
48,286,0.33296334743499756,0.4330407679080963
48,287,0.3322291374206543,0.4325411915779114
48,288,0.33181846141815186,0.4326176345348358
48,289,0.331224650144577,0.43150240182876587
48,290,0.3312567472457886,0.43579354882240295
48,291,0.33011922240257263,0.43156537413597107
48,292,0.3298533260822296,0.4322092831134796
48,293,0.32930487394332886,0.4290139377117157
48,294,0.3287101089954376,0.4295886158943176
48,295,0.32780200242996216,0.4317007064819336
48,296,0.32729029655456543,0.4314820468425751
48,297,0.326814740896225,0.43122944235801697
48,298,0.32630375027656555,0.4304998815059662
48,299,0.3257368505001068,0.43195557594299316
48,300,0.32545414566993713,0.43157169222831726
48,301,0.3248278796672821,0.4294270873069763
48,302,0.3242872953414917,0.42990708351135254
48,303,0.3237029016017914,0.42921072244644165
48,304,0.32310062646865845,0.42843958735466003
48,305,0.3223663568496704,0.4278365969657898
48,306,0.3221574127674103,0.4288580119609833
48,307,0.32163316011428833,0.4268818497657776
48,308,0.32099229097366333,0.42849597334861755
48,309,0.3205675780773163,0.4276835024356842
48,310,0.3199974596500397,0.4275433421134949
48,311,0.32055944204330444,0.4284279942512512
48,312,0.31919345259666443,0.42653512954711914
48,313,0.3188171684741974,0.42669031023979187
48,314,0.31879380345344543,0.42616012692451477
48,315,0.3181159794330597,0.4211369752883911
48,316,0.31750625371932983,0.42462125420570374
48,317,0.31706467270851135,0.4244005084037781
48,318,0.31658780574798584,0.4251662790775299
48,319,0.31591081619262695,0.4249860942363739
48,320,0.31593838334083557,0.4266863763332367
48,321,0.3152664303779602,0.42607879638671875
48,322,0.31466570496559143,0.42680224776268005
48,323,0.31445759534835815,0.4240744113922119
48,324,0.31417331099510193,0.4233558177947998
48,325,0.31342920660972595,0.42039769887924194
48,326,0.3130391240119934,0.42127659916877747
48,327,0.3124656081199646,0.4216724932193756
48,328,0.3120467960834503,0.4223954379558563
48,329,0.3117472231388092,0.42255333065986633
48,330,0.31141358613967896,0.42357492446899414
48,331,0.3112223148345947,0.42341575026512146
48,332,0.3111332952976227,0.42426005005836487
48,333,0.31048980355262756,0.4242955446243286
48,334,0.3099708557128906,0.42122024297714233
48,335,0.30949774384498596,0.4229985475540161
48,336,0.3090421259403229,0.42309629917144775
48,337,0.3092302083969116,0.4232531487941742
48,338,0.3084179759025574,0.4215996265411377
48,339,0.3082869350910187,0.4222383499145508
48,340,0.3077758848667145,0.42383691668510437
48,341,0.30737289786338806,0.42284828424453735
48,342,0.3069654703140259,0.4212972819805145
48,343,0.306771457195282,0.4219359755516052
48,344,0.3066350221633911,0.4203929007053375
48,345,0.3062760531902313,0.42164671421051025
48,346,0.30566516518592834,0.4223701059818268
48,347,0.30565863847732544,0.4243011474609375
48,348,0.3050815463066101,0.42038366198539734
48,349,0.3045412003993988,0.4247763156890869
48,350,0.3047231435775757,0.4245096445083618
48,351,0.3040822148323059,0.4241308271884918
48,352,0.3037814497947693,0.423921674489975
48,353,0.3032403290271759,0.42383211851119995
48,354,0.3028852939605713,0.4220300614833832
48,355,0.30262985825538635,0.4237387478351593
48,356,0.3022027909755707,0.4228734076023102
48,357,0.3019135296344757,0.42164167761802673
48,358,0.30161523818969727,0.42362308502197266
48,359,0.30123329162597656,0.4221930503845215
48,360,0.3009684085845947,0.42267537117004395
48,361,0.30084770917892456,0.42139530181884766
48,362,0.30025458335876465,0.421508252620697
48,363,0.3000176250934601,0.4223925769329071
48,364,0.2997419536113739,0.42391741275787354
48,365,0.2996978759765625,0.42636457085609436
48,366,0.2995496094226837,0.42593151330947876
48,367,0.29902490973472595,0.423464834690094
48,368,0.29872390627861023,0.42182573676109314
48,369,0.2986324727535248,0.4245942533016205
48,370,0.2982264459133148,0.4269557297229767
48,371,0.2980789244174957,0.4256777763366699
48,372,0.29775768518447876,0.4234744608402252
48,373,0.29736900329589844,0.4212050437927246
48,374,0.29707106947898865,0.4215663969516754
48,375,0.29660847783088684,0.4245152175426483
48,376,0.2962498068809509,0.4244690537452698
48,377,0.29623061418533325,0.4229661226272583
48,378,0.29575270414352417,0.4215935468673706
48,379,0.29550760984420776,0.42052266001701355
48,380,0.2951251268386841,0.42456284165382385
48,381,0.29520994424819946,0.42049479484558105
48,382,0.294889360666275,0.41814443469047546
48,383,0.29468584060668945,0.42236247658729553
48,384,0.29430460929870605,0.42318639159202576
48,385,0.29415392875671387,0.4234410524368286
48,386,0.29376402497291565,0.42466822266578674
48,387,0.29381370544433594,0.4270004332065582
48,388,0.29313135147094727,0.42498382925987244
48,389,0.2928910553455353,0.4250120222568512
48,390,0.29261288046836853,0.42583927512168884
48,391,0.29238465428352356,0.4256512224674225
48,392,0.2925175428390503,0.4259881377220154
48,393,0.29216501116752625,0.4232536554336548
48,394,0.29249364137649536,0.4236923158168793
48,395,0.2916967272758484,0.42609140276908875
48,396,0.29123416543006897,0.4260416328907013
48,397,0.2913069427013397,0.4234447777271271
48,398,0.2907467484474182,0.42409631609916687
48,399,0.29072970151901245,0.4265909194946289
48,400,0.2903176546096802,0.4229976236820221
48,401,0.29054710268974304,0.4274372160434723
48,402,0.2898778021335602,0.42408716678619385
48,403,0.2895561456680298,0.42613014578819275
48,404,0.28927916288375854,0.4251689314842224
48,405,0.2889155149459839,0.4240781366825104
48,406,0.2888394594192505,0.4233162999153137
48,407,0.28879207372665405,0.424560546875
48,408,0.28872227668762207,0.427104115486145
48,409,0.28845447301864624,0.4234408438205719
48,410,0.2882006764411926,0.4209585189819336
48,411,0.28758499026298523,0.4252370297908783
48,412,0.287436306476593,0.4228289723396301
48,413,0.2876065671443939,0.42614081501960754
48,414,0.287032812833786,0.42610305547714233
48,415,0.28661882877349854,0.4255113899707794
48,416,0.28629016876220703,0.4247574806213379
48,417,0.28636568784713745,0.42502546310424805
48,418,0.2864050567150116,0.4237914979457855
48,419,0.2859925329685211,0.4206736385822296
48,420,0.28550538420677185,0.42112237215042114
48,421,0.28532761335372925,0.42448821663856506
48,422,0.284889817237854,0.42177385091781616
49,1,1.025557279586792,0.9064370393753052
49,2,1.0205625295639038,0.9023777842521667
49,3,1.0157147645950317,0.8985013961791992
49,4,1.0106130838394165,0.8943476676940918
49,5,1.0042285919189453,0.8890822529792786
49,6,0.9954925179481506,0.8819954991340637
49,7,0.9820963740348816,0.8712688684463501
49,8,0.9599452614784241,0.8526014089584351
49,9,0.9246779084205627,0.8225513100624084
49,10,0.8745004534721375,0.7786800861358643
49,11,0.8168119192123413,0.7275108695030212
49,12,0.7761607766151428,0.6909821033477783
49,13,0.7568865418434143,0.6731935143470764
49,14,0.7419705986976624,0.6579975485801697
49,15,0.7304568886756897,0.6443735361099243
49,16,0.7215717434883118,0.6349947452545166
49,17,0.7135803699493408,0.6274428367614746
49,18,0.7066451907157898,0.6204302906990051
49,19,0.6998652815818787,0.6139339804649353
49,20,0.6932768225669861,0.6074010729789734
49,21,0.686661422252655,0.6007027626037598
49,22,0.6798298954963684,0.5950683355331421
49,23,0.6729587912559509,0.5890852808952332
49,24,0.6661739945411682,0.582989513874054
49,25,0.6590335965156555,0.576133131980896
49,26,0.6521628499031067,0.569779634475708
49,27,0.6458537578582764,0.5643434524536133
49,28,0.6395125985145569,0.5588366985321045
49,29,0.6332772970199585,0.553991973400116
49,30,0.626889169216156,0.5493016839027405
49,31,0.6198257803916931,0.5438922047615051
49,32,0.6132724285125732,0.5393803715705872
49,33,0.6069876551628113,0.5347489714622498
49,34,0.6004233956336975,0.529193103313446
49,35,0.5950497984886169,0.5260080695152283
49,36,0.5897900462150574,0.5240067839622498
49,37,0.5851619839668274,0.5190722942352295
49,38,0.5809890031814575,0.5153041481971741
49,39,0.5771310925483704,0.5121949911117554
49,40,0.5738148093223572,0.5089820623397827
49,41,0.5705453157424927,0.5071234703063965
49,42,0.5675321817398071,0.5040437579154968
49,43,0.5646504163742065,0.5014522671699524
49,44,0.5616183876991272,0.4986536502838135
49,45,0.5588541626930237,0.4961182475090027
49,46,0.5559172630310059,0.49292534589767456
49,47,0.5531244874000549,0.49007779359817505
49,48,0.5502560138702393,0.4874829649925232
49,49,0.5471397042274475,0.4842721223831177
49,50,0.544060230255127,0.48269402980804443
49,51,0.5411185026168823,0.4789609909057617
49,52,0.5383231043815613,0.47839030623435974
49,53,0.5351035594940186,0.4749350845813751
49,54,0.5322652459144592,0.4708201289176941
49,55,0.5296637415885925,0.4695703685283661
49,56,0.5271000862121582,0.46619635820388794
49,57,0.5247036218643188,0.464821994304657
49,58,0.5226351022720337,0.46095627546310425
49,59,0.5203518271446228,0.45993906259536743
49,60,0.518203854560852,0.4583696722984314
49,61,0.5160946846008301,0.45623841881752014
49,62,0.5139225125312805,0.4561792016029358
49,63,0.5115581750869751,0.4543913006782532
49,64,0.5093783736228943,0.4526507258415222
49,65,0.5074062347412109,0.45152297616004944
49,66,0.505133330821991,0.4508543014526367
49,67,0.5029641389846802,0.44810137152671814
49,68,0.5010088086128235,0.4486534893512726
49,69,0.49868348240852356,0.4461781680583954
49,70,0.4964165985584259,0.44538435339927673
49,71,0.4941850006580353,0.44576436281204224
49,72,0.4914747178554535,0.44273680448532104
49,73,0.48885002732276917,0.44297823309898376
49,74,0.48640012741088867,0.44206297397613525
49,75,0.4840714931488037,0.44124847650527954
49,76,0.4819043278694153,0.43804576992988586
49,77,0.47897571325302124,0.43749383091926575
49,78,0.4763353168964386,0.4343608021736145
49,79,0.4739290475845337,0.4336266815662384
49,80,0.47090938687324524,0.4318160116672516
49,81,0.4683385193347931,0.4302486777305603
49,82,0.4656636118888855,0.4285053312778473
49,83,0.46287664771080017,0.4246275722980499
49,84,0.4603246748447418,0.4230494499206543
49,85,0.4576112627983093,0.4227127134799957
49,86,0.45505043864250183,0.42219284176826477
49,87,0.4526251256465912,0.4209911823272705
49,88,0.44998952746391296,0.41811731457710266
49,89,0.44753414392471313,0.41527116298675537
49,90,0.4452126920223236,0.41429007053375244
49,91,0.4425535202026367,0.4138718843460083
49,92,0.44002535939216614,0.41320139169692993
49,93,0.43785950541496277,0.4102190434932709
49,94,0.4355798661708832,0.4084608852863312
49,95,0.43355104327201843,0.4093981981277466
49,96,0.4312088191509247,0.4068954885005951
49,97,0.42930281162261963,0.4037064015865326
49,98,0.4273017942905426,0.40380436182022095
49,99,0.4254330098628998,0.40357348322868347
49,100,0.4236832857131958,0.4047981798648834
49,101,0.42188045382499695,0.4022142291069031
49,102,0.42018020153045654,0.3987613618373871
49,103,0.4183538556098938,0.39657095074653625
49,104,0.4166417419910431,0.3953026831150055
49,105,0.41499924659729004,0.39373669028282166
49,106,0.41351184248924255,0.39077305793762207
49,107,0.4120023250579834,0.3910655677318573
49,108,0.4105602204799652,0.390173077583313
49,109,0.4091035723686218,0.3898371160030365
49,110,0.40775689482688904,0.3878486156463623
49,111,0.4061867594718933,0.38544124364852905
49,112,0.40489330887794495,0.3843185305595398
49,113,0.4036289155483246,0.3834322690963745
49,114,0.40230804681777954,0.38329482078552246
49,115,0.4010872542858124,0.38235464692115784
49,116,0.39991137385368347,0.37910163402557373
49,117,0.39846929907798767,0.37908491492271423
49,118,0.3972313106060028,0.37817931175231934
49,119,0.3960925042629242,0.3779463768005371
49,120,0.3947981595993042,0.37685632705688477
49,121,0.3936682641506195,0.3751281499862671
49,122,0.39259669184684753,0.3737996816635132
49,123,0.3915266692638397,0.37486791610717773
49,124,0.3908293545246124,0.3732284903526306
49,125,0.3892855644226074,0.370594322681427
49,126,0.38822460174560547,0.3688895106315613
49,127,0.387391060590744,0.3718511760234833
49,128,0.3862408697605133,0.3706367611885071
49,129,0.38501572608947754,0.3671623170375824
49,130,0.384285569190979,0.3687451183795929
49,131,0.38357359170913696,0.3690791726112366
49,132,0.38234877586364746,0.3662257492542267
49,133,0.3810864984989166,0.36604300141334534
49,134,0.3801890015602112,0.3646811842918396
49,135,0.3792020380496979,0.3646945059299469
49,136,0.37846627831459045,0.36434826254844666
49,137,0.37769779562950134,0.3635052442550659
49,138,0.37683138251304626,0.36207857728004456
49,139,0.37549832463264465,0.3614962697029114
49,140,0.3746601343154907,0.3601625859737396
49,141,0.37372273206710815,0.3594204783439636
49,142,0.3728550374507904,0.3603830337524414
49,143,0.3721112906932831,0.3581083118915558
49,144,0.37142130732536316,0.3583543598651886
49,145,0.37072479724884033,0.3591577708721161
49,146,0.3699171543121338,0.3577318787574768
49,147,0.3689481317996979,0.35579901933670044
49,148,0.3683265745639801,0.3557383716106415
49,149,0.367952436208725,0.3568314015865326
49,150,0.36703813076019287,0.35691964626312256
49,151,0.36623817682266235,0.3565148711204529
49,152,0.36566317081451416,0.3575393855571747
49,153,0.364988774061203,0.35566943883895874
49,154,0.3642387390136719,0.35722780227661133
49,155,0.3636895716190338,0.3558056354522705
49,156,0.3630552887916565,0.3550323247909546
49,157,0.3620361387729645,0.35249030590057373
49,158,0.3614007830619812,0.35304945707321167
49,159,0.3609338700771332,0.35415905714035034
49,160,0.3608165383338928,0.3515697121620178
49,161,0.35975319147109985,0.35303109884262085
49,162,0.3591553270816803,0.35113459825515747
49,163,0.3589133024215698,0.3527240753173828
49,164,0.35816052556037903,0.3529466688632965
49,165,0.35739994049072266,0.3508278429508209
49,166,0.35723888874053955,0.3519604206085205
49,167,0.35636505484580994,0.3497653007507324
49,168,0.35563597083091736,0.3505403399467468
49,169,0.35513073205947876,0.3492264151573181
49,170,0.35480791330337524,0.35031336545944214
49,171,0.3543403744697571,0.3483445346355438
49,172,0.35364219546318054,0.3500221371650696
49,173,0.3532527685165405,0.3486749231815338
49,174,0.3526795208454132,0.34789398312568665
49,175,0.3521532118320465,0.34879669547080994
49,176,0.3515510559082031,0.3483862578868866
49,177,0.3509840965270996,0.3466837704181671
49,178,0.3504059314727783,0.3474986255168915
49,179,0.34998559951782227,0.3460392355918884
49,180,0.34977349638938904,0.3462412357330322
49,181,0.3490942418575287,0.3463878035545349
49,182,0.3486809730529785,0.34772777557373047
49,183,0.34818193316459656,0.34677430987358093
49,184,0.3479650616645813,0.34531328082084656
49,185,0.3473605215549469,0.34539705514907837
49,186,0.3472006916999817,0.3462459146976471
49,187,0.34647417068481445,0.345705509185791
49,188,0.346390962600708,0.3457638621330261
49,189,0.34569165110588074,0.3436901271343231
49,190,0.34528303146362305,0.3448146879673004
49,191,0.34467804431915283,0.34385207295417786
49,192,0.3442735970020294,0.343133807182312
49,193,0.3438376486301422,0.34370696544647217
49,194,0.3435806632041931,0.3440423905849457
49,195,0.34315231442451477,0.34292006492614746
49,196,0.34289202094078064,0.34258556365966797
49,197,0.342325359582901,0.3422701358795166
49,198,0.3419494330883026,0.3419136106967926
49,199,0.3416973352432251,0.34238362312316895
49,200,0.3413531184196472,0.3430413007736206
49,201,0.34084612131118774,0.34172260761260986
49,202,0.3404786288738251,0.34298670291900635
49,203,0.34021541476249695,0.341176301240921
49,204,0.3396841883659363,0.34066736698150635
49,205,0.3393884599208832,0.3399306833744049
49,206,0.339057981967926,0.33883386850357056
49,207,0.33850836753845215,0.34032925963401794
49,208,0.33844253420829773,0.3397201895713806
49,209,0.3381958305835724,0.3396542966365814
49,210,0.33793365955352783,0.3414207994937897
49,211,0.3374037444591522,0.33858057856559753
49,212,0.33694565296173096,0.3390268087387085
49,213,0.33687397837638855,0.337820827960968
49,214,0.3365318775177002,0.3395838737487793
49,215,0.3360189199447632,0.33810359239578247
49,216,0.3356758952140808,0.33702829480171204
49,217,0.3355015814304352,0.33757254481315613
49,218,0.33500829339027405,0.33720287680625916
49,219,0.33460721373558044,0.33745697140693665
49,220,0.3344425559043884,0.3370470404624939
49,221,0.33414116501808167,0.3368489146232605
49,222,0.3339192867279053,0.3368035554885864
49,223,0.33360111713409424,0.335689902305603
49,224,0.333475261926651,0.3377102017402649
49,225,0.3332372009754181,0.33676639199256897
49,226,0.3329065144062042,0.3364711403846741
49,227,0.33215776085853577,0.33584022521972656
49,228,0.33178937435150146,0.33579516410827637
49,229,0.33141177892684937,0.33703604340553284
49,230,0.3312722146511078,0.334746390581131
49,231,0.3309520184993744,0.33494865894317627
49,232,0.3313717544078827,0.33618471026420593
49,233,0.3306889235973358,0.3335174322128296
49,234,0.3301730751991272,0.33545157313346863
49,235,0.3296167254447937,0.33292239904403687
49,236,0.3294209837913513,0.33375313878059387
49,237,0.3294343948364258,0.33258044719696045
49,238,0.32935580611228943,0.33207011222839355
49,239,0.32857275009155273,0.3331752121448517
49,240,0.3283849358558655,0.33258047699928284
49,241,0.3278065025806427,0.3307056725025177
49,242,0.32769355177879333,0.3303477466106415
49,243,0.3274252712726593,0.3331782817840576
49,244,0.3272872865200043,0.33204734325408936
49,245,0.32711338996887207,0.3315076231956482
49,246,0.32642990350723267,0.33191901445388794
49,247,0.32623791694641113,0.33253350853919983
49,248,0.32591214776039124,0.3302564322948456
49,249,0.3255484402179718,0.3294358253479004
49,250,0.325228214263916,0.3290431797504425
49,251,0.32517266273498535,0.33144164085388184
49,252,0.32464703917503357,0.33127906918525696
49,253,0.3243214786052704,0.32942935824394226
49,254,0.32420870661735535,0.3295111060142517
49,255,0.32405975461006165,0.326734334230423
49,256,0.32364988327026367,0.3279324173927307
49,257,0.3232891857624054,0.33017709851264954
49,258,0.3230832815170288,0.3303738832473755
49,259,0.3229169547557831,0.3277801275253296
49,260,0.32268616557121277,0.32921165227890015
49,261,0.32225483655929565,0.3288813829421997
49,262,0.3222123384475708,0.3275667428970337
49,263,0.32173699140548706,0.32799145579338074
49,264,0.32188379764556885,0.3286348283290863
49,265,0.32129359245300293,0.3282737731933594
49,266,0.32135966420173645,0.327615350484848
49,267,0.3207521438598633,0.326914519071579
49,268,0.32055550813674927,0.3275729715824127
49,269,0.3202628493309021,0.32813021540641785
49,270,0.3204883337020874,0.32570016384124756
49,271,0.3197401463985443,0.32635143399238586
49,272,0.31971970200538635,0.3263392448425293
49,273,0.31907305121421814,0.32580694556236267
49,274,0.31905075907707214,0.3264826834201813
49,275,0.3184765875339508,0.3250128924846649
49,276,0.3188428282737732,0.3245469331741333
49,277,0.3181746006011963,0.3254337012767792
49,278,0.3181402385234833,0.32458367943763733
49,279,0.3176906704902649,0.32617148756980896
49,280,0.3178715705871582,0.32556870579719543
49,281,0.3171115815639496,0.32315120100975037
49,282,0.31718140840530396,0.322541743516922
49,283,0.31689056754112244,0.32231634855270386
49,284,0.31666457653045654,0.32361656427383423
49,285,0.3160732090473175,0.3230910897254944
49,286,0.3158198893070221,0.3235087990760803
49,287,0.31547173857688904,0.3226315677165985
49,288,0.3153778612613678,0.3229602873325348
49,289,0.31506818532943726,0.32062625885009766
49,290,0.3149905502796173,0.3207237422466278
49,291,0.3148375153541565,0.3238508403301239
49,292,0.31441447138786316,0.32358813285827637
49,293,0.31388306617736816,0.32225924730300903
49,294,0.3136526048183441,0.3211216330528259
49,295,0.3136114776134491,0.32039710879325867
49,296,0.31348276138305664,0.3189955949783325
49,297,0.31366807222366333,0.32044661045074463
49,298,0.3132232427597046,0.3207986354827881
49,299,0.3126271963119507,0.32051584124565125
49,300,0.31224149465560913,0.3217929005622864
49,301,0.3120492994785309,0.3196977972984314
49,302,0.31197357177734375,0.32048478722572327
49,303,0.31146374344825745,0.3207671344280243
49,304,0.3115187883377075,0.32135090231895447
49,305,0.311119943857193,0.32001587748527527
49,306,0.3109138309955597,0.31857913732528687
49,307,0.31056907773017883,0.31855276226997375
49,308,0.31060928106307983,0.31916117668151855
49,309,0.31056347489356995,0.3192174434661865
49,310,0.31009525060653687,0.32078152894973755
49,311,0.30999067425727844,0.3194466531276703
49,312,0.30987879633903503,0.3192683756351471
49,313,0.3093468248844147,0.3194112777709961
49,314,0.30899322032928467,0.31842729449272156
49,315,0.309343546628952,0.31724080443382263
49,316,0.3089647591114044,0.3201311230659485
49,317,0.3087753653526306,0.3199491500854492
49,318,0.3080432713031769,0.31751689314842224
49,319,0.30824369192123413,0.31573358178138733
49,320,0.3083548843860626,0.3162039518356323
49,321,0.307645320892334,0.3188289403915405
49,322,0.3075282871723175,0.31816720962524414
49,323,0.307009220123291,0.31854790449142456
49,324,0.30679816007614136,0.31666329503059387
49,325,0.30658093094825745,0.31564220786094666
49,326,0.3065875172615051,0.3176531195640564
49,327,0.30600303411483765,0.3177523910999298
49,328,0.30613863468170166,0.3175863027572632
49,329,0.305850625038147,0.3157065808773041
49,330,0.3054064214229584,0.315796822309494
49,331,0.3050755560398102,0.31756603717803955
49,332,0.3050768971443176,0.31730175018310547
49,333,0.3047807514667511,0.31898990273475647
49,334,0.3045218586921692,0.31791165471076965
49,335,0.30418676137924194,0.31538933515548706
49,336,0.3039328455924988,0.3152240514755249
49,337,0.30388176441192627,0.31445470452308655
49,338,0.30373668670654297,0.31449833512306213
49,339,0.3034828305244446,0.3169440031051636
49,340,0.3035915493965149,0.317028284072876
49,341,0.30304330587387085,0.3174140453338623
49,342,0.3026944696903229,0.3148166537284851
49,343,0.3028276562690735,0.3182874619960785
49,344,0.3026905059814453,0.31699690222740173
49,345,0.3025943338871002,0.31609398126602173
49,346,0.3022679090499878,0.31583964824676514
49,347,0.3019697070121765,0.31458666920661926
49,348,0.3017665147781372,0.3176070749759674
49,349,0.3017062544822693,0.3170800507068634
49,350,0.3013944625854492,0.3168811798095703
49,351,0.30113840103149414,0.3156369924545288
49,352,0.300817608833313,0.3146875202655792
49,353,0.300602525472641,0.31465479731559753
49,354,0.30048108100891113,0.3162255585193634
49,355,0.30025288462638855,0.3157961964607239
49,356,0.3004192113876343,0.3151031732559204
49,357,0.29990407824516296,0.31620460748672485
49,358,0.2996186316013336,0.31507521867752075
49,359,0.2995217442512512,0.31683990359306335
49,360,0.2993491291999817,0.31576302647590637
49,361,0.2990219295024872,0.315787136554718
49,362,0.29888954758644104,0.3154890835285187
49,363,0.29868611693382263,0.3169516921043396
49,364,0.29839563369750977,0.3162457048892975
49,365,0.29839327931404114,0.31618860363960266
49,366,0.29816147685050964,0.31700950860977173
49,367,0.2982473373413086,0.3194432556629181
49,368,0.2976616322994232,0.3171308934688568
49,369,0.29752862453460693,0.31607210636138916
49,370,0.29734835028648376,0.31662389636039734
49,371,0.29725852608680725,0.31505995988845825
49,372,0.2970244884490967,0.3168427050113678
49,373,0.2967486083507538,0.3173395097255707
49,374,0.2967561185359955,0.31672945618629456
49,375,0.29666608572006226,0.31718841195106506
49,376,0.29635506868362427,0.3170574903488159
49,377,0.29609930515289307,0.3176918625831604
50,1,1.0369411706924438,1.0292881727218628
50,2,1.0317206382751465,1.0236419439315796
50,3,1.026858925819397,1.0184246301651
50,4,1.0223478078842163,1.0133825540542603
50,5,1.0179624557495117,1.0084182024002075
50,6,1.013494610786438,1.003631830215454
50,7,1.0084035396575928,0.9983245730400085
50,8,1.002051591873169,0.9918593764305115
50,9,0.993091881275177,0.9830230474472046
50,10,0.9794343113899231,0.9697739481925964
50,11,0.956486165523529,0.9479748010635376
50,12,0.9177189469337463,0.9101945161819458
50,13,0.8636032938957214,0.8547495603561401
50,14,0.8248937129974365,0.812316358089447
50,15,0.7953904271125793,0.7815581560134888
50,16,0.7769253253936768,0.7634309530258179
50,17,0.7632232904434204,0.7489107251167297
50,18,0.753462553024292,0.737632691860199
50,19,0.7458059191703796,0.7295022010803223
50,20,0.738518476486206,0.7228715419769287
50,21,0.7316417098045349,0.7170686721801758
50,22,0.7250949740409851,0.7106655836105347
50,23,0.7182722687721252,0.7040614485740662
50,24,0.7112821936607361,0.697643518447876
50,25,0.7046961188316345,0.6918516755104065
50,26,0.6967954635620117,0.6845998167991638
50,27,0.6892828941345215,0.678200364112854
50,28,0.6816015839576721,0.671644926071167
50,29,0.6737235188484192,0.6649393439292908
50,30,0.6649700999259949,0.6584020256996155
50,31,0.6550987958908081,0.6512988805770874
50,32,0.6449404358863831,0.6431849002838135
50,33,0.6339315176010132,0.6338968873023987
50,34,0.6210665106773376,0.6234632730484009
50,35,0.607973575592041,0.6130170822143555
50,36,0.5953387022018433,0.6036376357078552
50,37,0.5837635397911072,0.593859076499939
50,38,0.5725037455558777,0.5844591856002808
50,39,0.5630872845649719,0.5762121081352234
50,40,0.5554305911064148,0.5683592557907104
50,41,0.5490771532058716,0.5627432465553284
50,42,0.543484091758728,0.5575758218765259
50,43,0.5386760234832764,0.5546016097068787
50,44,0.5336968898773193,0.5501443147659302
50,45,0.5294659733772278,0.5452570915222168
50,46,0.5253674983978271,0.542259156703949
50,47,0.5213412046432495,0.5383234024047852
50,48,0.5177010297775269,0.5344164967536926
50,49,0.5140030384063721,0.5309258103370667
50,50,0.5103893280029297,0.5271685719490051
50,51,0.5065714120864868,0.5240528583526611
50,52,0.5028154253959656,0.5194518566131592
50,53,0.4989742934703827,0.516948401927948
50,54,0.49501579999923706,0.5130192637443542
50,55,0.4912264049053192,0.5095216035842896
50,56,0.487166166305542,0.5065341591835022
50,57,0.4828799068927765,0.5023905634880066
50,58,0.47856825590133667,0.4984908103942871
50,59,0.47433215379714966,0.49354806542396545
50,60,0.4700964689254761,0.4895118474960327
50,61,0.4655383229255676,0.4863031208515167
50,62,0.4612778425216675,0.48074477910995483
50,63,0.4570091664791107,0.4763113856315613
50,64,0.45251622796058655,0.472895085811615
50,65,0.4480847418308258,0.47002360224723816
50,66,0.4441433846950531,0.466003954410553
50,67,0.4401780068874359,0.4636131525039673
50,68,0.4365779459476471,0.46129369735717773
50,69,0.43317586183547974,0.4595969319343567
50,70,0.42959198355674744,0.4576817750930786
50,71,0.42647796869277954,0.45540207624435425
50,72,0.42337164282798767,0.4541274905204773
50,73,0.4203692376613617,0.4523374140262604
50,74,0.41761741042137146,0.44993332028388977
50,75,0.4149969816207886,0.44799426198005676
50,76,0.41252443194389343,0.44778701663017273
50,77,0.4099433422088623,0.4452485144138336
50,78,0.4077107012271881,0.4443938136100769
50,79,0.40546825528144836,0.4425005316734314
50,80,0.40342360734939575,0.44200998544692993
50,81,0.4015132486820221,0.4412378668785095
50,82,0.39958953857421875,0.4410463273525238
50,83,0.3978036046028137,0.43860822916030884
50,84,0.39608830213546753,0.4382312595844269
50,85,0.3946913182735443,0.43804171681404114
50,86,0.3927551209926605,0.43645524978637695
50,87,0.39112067222595215,0.43580859899520874
50,88,0.3896445035934448,0.4346597194671631
50,89,0.388224720954895,0.4339750111103058
50,90,0.386886328458786,0.4334648549556732
50,91,0.3854667544364929,0.4327302575111389
50,92,0.38412225246429443,0.43205076456069946
50,93,0.38296788930892944,0.4307551085948944
50,94,0.38171815872192383,0.43053993582725525
50,95,0.38065624237060547,0.4307757318019867
50,96,0.37956762313842773,0.4296582043170929
50,97,0.37853318452835083,0.42831626534461975
50,98,0.3776665925979614,0.42724210023880005
50,99,0.3764925003051758,0.4265535771846771
50,100,0.3754306137561798,0.426437109708786
50,101,0.3745240271091461,0.42646753787994385
50,102,0.3735770881175995,0.4261336624622345
50,103,0.37263181805610657,0.4254930913448334
50,104,0.37183088064193726,0.42555996775627136
50,105,0.37104588747024536,0.42445603013038635
50,106,0.370338499546051,0.42236027121543884
50,107,0.3695801794528961,0.42219507694244385
50,108,0.36884722113609314,0.42224210500717163
50,109,0.36806610226631165,0.4223601520061493
50,110,0.36746764183044434,0.42244741320610046
50,111,0.36684587597846985,0.4214027523994446
50,112,0.3662160038948059,0.4197147786617279
50,113,0.36546266078948975,0.41950124502182007
50,114,0.3648637533187866,0.4201664626598358
50,115,0.36418578028678894,0.4201217591762543
50,116,0.3636886477470398,0.41976991295814514
50,117,0.36316272616386414,0.4203801453113556
50,118,0.3626132607460022,0.41960129141807556
50,119,0.36195266246795654,0.42022624611854553
50,120,0.3614574074745178,0.4186338782310486
50,121,0.3609851598739624,0.41793209314346313
50,122,0.36031264066696167,0.41750627756118774
50,123,0.35984984040260315,0.4180959165096283
50,124,0.35931074619293213,0.4179680645465851
50,125,0.35879531502723694,0.4168676435947418
50,126,0.3583730459213257,0.4169069528579712
50,127,0.3578900396823883,0.4176810383796692
50,128,0.35741564631462097,0.41639244556427
50,129,0.3570100665092468,0.4167216718196869
50,130,0.35664284229278564,0.4172425866127014
50,131,0.356051504611969,0.415679931640625
50,132,0.3556279242038727,0.4158410429954529
50,133,0.35519394278526306,0.41724157333374023
50,134,0.35474276542663574,0.4159967303276062
50,135,0.35439202189445496,0.4148176908493042
50,136,0.3539947271347046,0.4151710867881775
50,137,0.35370132327079773,0.4159310758113861
50,138,0.3531341850757599,0.4148656129837036
50,139,0.3527226150035858,0.4148120582103729
50,140,0.35228201746940613,0.4135596752166748
50,141,0.3521260917186737,0.41383790969848633
50,142,0.3517461121082306,0.414365291595459
50,143,0.3511832058429718,0.41369524598121643
50,144,0.35090816020965576,0.4139305055141449
50,145,0.3504146337509155,0.413711816072464
50,146,0.35008957982063293,0.41335511207580566
50,147,0.34964752197265625,0.41325515508651733
50,148,0.34930524230003357,0.4131421744823456
50,149,0.3489842116832733,0.41291776299476624
50,150,0.34869110584259033,0.4141955077648163
50,151,0.3482663631439209,0.41382601857185364
50,152,0.3480616509914398,0.41413944959640503
50,153,0.3477552831172943,0.41401275992393494
50,154,0.3473564386367798,0.41314277052879333
50,155,0.34702661633491516,0.4128635823726654
50,156,0.3467186987400055,0.41284865140914917
50,157,0.3463498055934906,0.4130789041519165
50,158,0.3459728956222534,0.4127856194972992
50,159,0.34559425711631775,0.41327962279319763
50,160,0.34539595246315,0.4138667583465576
50,161,0.3449879586696625,0.4115925133228302
50,162,0.34477120637893677,0.41148942708969116
50,163,0.3446831703186035,0.4120696187019348
50,164,0.34403175115585327,0.4107973277568817
50,165,0.3437577784061432,0.41140806674957275
50,166,0.3432866930961609,0.41291773319244385
50,167,0.343002587556839,0.41221481561660767
50,168,0.34279152750968933,0.4132089614868164
50,169,0.34237295389175415,0.41266247630119324
50,170,0.34206706285476685,0.41229942440986633
50,171,0.3418559730052948,0.41220375895500183
50,172,0.3413623869419098,0.4121440052986145
50,173,0.34121885895729065,0.41277191042900085
50,174,0.34081119298934937,0.4122210144996643
50,175,0.3404701054096222,0.41110309958457947
50,176,0.3403370678424835,0.4115436375141144
50,177,0.340040922164917,0.41114458441734314
50,178,0.3399927318096161,0.4110776484012604
50,179,0.33934903144836426,0.4116138517856598
50,180,0.33898288011550903,0.41120755672454834
50,181,0.33882978558540344,0.41121089458465576
50,182,0.33831146359443665,0.41149652004241943
50,183,0.3379546105861664,0.41069740056991577
50,184,0.3375902473926544,0.4100182056427002
50,185,0.3374325931072235,0.40980926156044006
50,186,0.33711084723472595,0.4097072184085846
50,187,0.3368363678455353,0.40856805443763733
50,188,0.33650076389312744,0.41073521971702576
50,189,0.33607444167137146,0.4105250835418701
50,190,0.33589625358581543,0.4094257652759552
50,191,0.3355080485343933,0.4109339416027069
50,192,0.3353424668312073,0.4116632044315338
50,193,0.3348677158355713,0.410410612821579
50,194,0.3345079720020294,0.40971603989601135
50,195,0.3344232141971588,0.4109422564506531
50,196,0.3343855142593384,0.4086613953113556
50,197,0.3338165581226349,0.40936633944511414
50,198,0.33341139554977417,0.4098447561264038
50,199,0.33316704630851746,0.40951791405677795
50,200,0.3326597809791565,0.40913495421409607
50,201,0.3323136270046234,0.4094497561454773
50,202,0.332033634185791,0.4094684422016144
50,203,0.33171647787094116,0.41087257862091064
50,204,0.3314828872680664,0.4092791974544525
50,205,0.3310352563858032,0.408549964427948
50,206,0.33065879344940186,0.4086243510246277
50,207,0.33031678199768066,0.40886566042900085
50,208,0.3301665782928467,0.4080756902694702
50,209,0.3299159109592438,0.40762200951576233
50,210,0.3296508193016052,0.4087691307067871
50,211,0.329223096370697,0.4073205888271332
50,212,0.3288630545139313,0.40876835584640503
50,213,0.3285369277000427,0.40877485275268555
50,214,0.32825106382369995,0.407875657081604
50,215,0.32794421911239624,0.4076942801475525
50,216,0.327557772397995,0.40765219926834106
50,217,0.3272344768047333,0.4074466824531555
50,218,0.32712212204933167,0.40670499205589294
50,219,0.326752245426178,0.4064701497554779
50,220,0.326339453458786,0.4069090485572815
50,221,0.3259967565536499,0.40674132108688354
50,222,0.32562461495399475,0.4046615660190582
50,223,0.3252432644367218,0.4054544270038605
50,224,0.32523009181022644,0.4069797396659851
50,225,0.32487180829048157,0.4067661464214325
50,226,0.3244760036468506,0.4055403470993042
50,227,0.3240768015384674,0.40552088618278503
50,228,0.3236740529537201,0.4053465723991394
50,229,0.32347896695137024,0.4057232439517975
50,230,0.3231235444545746,0.40542739629745483
50,231,0.3228954076766968,0.40411460399627686
50,232,0.32274433970451355,0.40274399518966675
50,233,0.32210180163383484,0.40339750051498413
50,234,0.3219311237335205,0.4053300619125366
50,235,0.3215092420578003,0.40439552068710327
50,236,0.32111820578575134,0.4039056599140167
50,237,0.3207363486289978,0.40359610319137573
50,238,0.32049858570098877,0.40399783849716187
50,239,0.32008931040763855,0.403123140335083
50,240,0.3197464644908905,0.4028436541557312
50,241,0.31945884227752686,0.40274113416671753
50,242,0.3191210925579071,0.4031350612640381
50,243,0.31881970167160034,0.40287497639656067
50,244,0.31848806142807007,0.40224358439445496
50,245,0.3184451162815094,0.403824120759964
50,246,0.318004310131073,0.40413331985473633
50,247,0.31783896684646606,0.4030131697654724
50,248,0.31733790040016174,0.40258917212486267
50,249,0.3169614374637604,0.40351155400276184
50,250,0.316487193107605,0.40091368556022644
50,251,0.31644973158836365,0.4021085798740387
50,252,0.3159092664718628,0.4013325273990631
50,253,0.31559669971466064,0.4005284011363983
50,254,0.315216988325119,0.4013786017894745
50,255,0.3149387538433075,0.4010508358478546
50,256,0.314594566822052,0.40124279260635376
50,257,0.3140929043292999,0.3998166620731354
50,258,0.31379273533821106,0.40034016966819763
50,259,0.31362101435661316,0.40067145228385925
50,260,0.31304311752319336,0.3993034362792969
50,261,0.3125816285610199,0.3998544216156006
50,262,0.3125702440738678,0.39813974499702454
50,263,0.31204167008399963,0.3982175290584564
50,264,0.3116816580295563,0.3973734676837921
50,265,0.3112408518791199,0.3976362645626068
50,266,0.3107578754425049,0.39811983704566956
50,267,0.3105180263519287,0.39954596757888794
50,268,0.3100878894329071,0.39917269349098206
50,269,0.3096265494823456,0.3978058993816376
50,270,0.309285968542099,0.3968673646450043
50,271,0.30899494886398315,0.3969956934452057
50,272,0.3086033761501312,0.39825907349586487
50,273,0.3081951439380646,0.3966774344444275
50,274,0.3077988624572754,0.396323561668396
50,275,0.30769336223602295,0.3949631154537201
50,276,0.30713358521461487,0.39596039056777954
50,277,0.3067980408668518,0.39648574590682983
50,278,0.30632519721984863,0.3970128297805786
50,279,0.30599939823150635,0.39703866839408875
50,280,0.3059033453464508,0.3960873484611511
50,281,0.30532190203666687,0.39545032382011414
50,282,0.3048246502876282,0.3965056538581848
50,283,0.30433574318885803,0.39624691009521484
50,284,0.3039746880531311,0.39508455991744995
50,285,0.3038944602012634,0.39576271176338196
50,286,0.30334392189979553,0.3940606117248535
50,287,0.30285361409187317,0.3940858840942383
50,288,0.3023741543292999,0.3944569230079651
50,289,0.3023497462272644,0.39314964413642883
50,290,0.30178844928741455,0.3948575556278229
50,291,0.30117663741111755,0.39413073658943176
50,292,0.3009999394416809,0.3938941955566406
50,293,0.300630658864975,0.3918214440345764
50,294,0.3000389635562897,0.39118480682373047
50,295,0.2998425364494324,0.39142942428588867
50,296,0.2994537055492401,0.39018625020980835
50,297,0.2989729642868042,0.3911362886428833
50,298,0.2986745238304138,0.39109382033348083
50,299,0.2982400357723236,0.38987335562705994
50,300,0.2978932559490204,0.39067956805229187
50,301,0.29758119583129883,0.3879978358745575
50,302,0.2971250116825104,0.38854333758354187
50,303,0.29664817452430725,0.38953787088394165
50,304,0.2963908612728119,0.38875463604927063
50,305,0.2960415482521057,0.3862479031085968
50,306,0.2955656051635742,0.38757991790771484
50,307,0.2952756881713867,0.38740986585617065
50,308,0.2949385344982147,0.386116623878479
50,309,0.29437342286109924,0.38469749689102173
50,310,0.29407909512519836,0.3834339380264282
50,311,0.29401353001594543,0.3834880292415619
50,312,0.29321053624153137,0.38479745388031006
50,313,0.2934298813343048,0.386002779006958
50,314,0.2928430140018463,0.3841061592102051
50,315,0.2923445403575897,0.38437455892562866
50,316,0.29175764322280884,0.38229429721832275
50,317,0.2914794087409973,0.3820016086101532
50,318,0.29103773832321167,0.3810213804244995
50,319,0.29068195819854736,0.3817061185836792
50,320,0.29062795639038086,0.3805578947067261
50,321,0.28995153307914734,0.3806500732898712
50,322,0.28976577520370483,0.3822832405567169
50,323,0.28953689336776733,0.3794892430305481
50,324,0.28905004262924194,0.3775351047515869
50,325,0.2886616289615631,0.3786531388759613
50,326,0.28833329677581787,0.3784756660461426
50,327,0.2879968583583832,0.3770674467086792
50,328,0.2874963879585266,0.3780428171157837
50,329,0.2876422107219696,0.37838175892829895
50,330,0.2870350480079651,0.3787987232208252
50,331,0.2866126298904419,0.37842097878456116
50,332,0.28646788001060486,0.37716761231422424
50,333,0.2861121594905853,0.37710797786712646
50,334,0.28585880994796753,0.37631484866142273
50,335,0.2853264808654785,0.37701860070228577
50,336,0.2852286398410797,0.37723687291145325
50,337,0.2848796844482422,0.37680837512016296
50,338,0.2845446467399597,0.3765632212162018
50,339,0.28410661220550537,0.3755831718444824
50,340,0.2838868498802185,0.37553301453590393
50,341,0.2837459146976471,0.37287113070487976
50,342,0.28318557143211365,0.37458962202072144
50,343,0.2829127609729767,0.37490567564964294
50,344,0.28264912962913513,0.37343209981918335
50,345,0.2824018597602844,0.3732105493545532
50,346,0.28233471512794495,0.3734181225299835
50,347,0.2819961905479431,0.3736514449119568
50,348,0.2817426323890686,0.37199556827545166
50,349,0.2813543677330017,0.3717757761478424
50,350,0.28124454617500305,0.3737216293811798
50,351,0.28097206354141235,0.3728691339492798
50,352,0.2806582748889923,0.37109023332595825
50,353,0.28028252720832825,0.37228327989578247
50,354,0.2798636257648468,0.3691968023777008
50,355,0.27963173389434814,0.36978432536125183
50,356,0.27961793541908264,0.36910080909729004
50,357,0.2791620194911957,0.36896950006484985
50,358,0.2789587080478668,0.36920300126075745
50,359,0.27870479226112366,0.3679037094116211
50,360,0.27858617901802063,0.3697182834148407
50,361,0.27828654646873474,0.3693186044692993
50,362,0.27803537249565125,0.36857831478118896
50,363,0.27751898765563965,0.36855387687683105
50,364,0.27775058150291443,0.36683109402656555
50,365,0.27736297249794006,0.3686077296733856
50,366,0.2769602835178375,0.36695945262908936
50,367,0.2767769694328308,0.36720022559165955
50,368,0.2762730121612549,0.3649013340473175
50,369,0.2760676145553589,0.36628204584121704
50,370,0.2758046090602875,0.3645155727863312
50,371,0.27560728788375854,0.363639771938324
50,372,0.2754456102848053,0.36489424109458923
50,373,0.2753660976886749,0.36450332403182983
50,374,0.2749561071395874,0.3622506558895111
50,375,0.2746216654777527,0.3626399338245392
50,376,0.2748187184333801,0.36385393142700195
50,377,0.2746686339378357,0.36460423469543457
50,378,0.27419424057006836,0.3628538250923157
50,379,0.2736984193325043,0.3608487546443939
50,380,0.2736360430717468,0.36086276173591614
50,381,0.27339494228363037,0.3612655997276306
50,382,0.27324196696281433,0.3616792857646942
50,383,0.2728717029094696,0.36068397760391235
50,384,0.27293670177459717,0.3600921630859375
50,385,0.2727309465408325,0.35947173833847046
50,386,0.27243444323539734,0.3616262674331665
50,387,0.2722362279891968,0.35971665382385254
50,388,0.2720498740673065,0.35867446660995483
50,389,0.2717510461807251,0.36013132333755493
50,390,0.2715285122394562,0.3599003851413727
50,391,0.2712283730506897,0.3598453402519226
50,392,0.271039217710495,0.3592161238193512
50,393,0.27100110054016113,0.3588034510612488
50,394,0.2708582878112793,0.3597385287284851
50,395,0.27049878239631653,0.35740551352500916
50,396,0.27074453234672546,0.3566456139087677
50,397,0.2701971232891083,0.3557712435722351
50,398,0.27009934186935425,0.35639649629592896
50,399,0.26980265974998474,0.3570563793182373
50,400,0.2696482241153717,0.3568475544452667
50,401,0.26947349309921265,0.3555352985858917
50,402,0.2694515287876129,0.35601577162742615
50,403,0.26921117305755615,0.3547994792461395
50,404,0.2688707411289215,0.3555898368358612
50,405,0.2686574161052704,0.35520997643470764
50,406,0.268592894077301,0.35304197669029236
50,407,0.2685289978981018,0.354282021522522
50,408,0.2683866024017334,0.3551636040210724
50,409,0.2680276036262512,0.35525909066200256
50,410,0.2678075134754181,0.3529837131500244
50,411,0.26757484674453735,0.35301637649536133
50,412,0.26740169525146484,0.35211181640625
50,413,0.2672959268093109,0.35353443026542664
50,414,0.26723045110702515,0.35248735547065735
50,415,0.26720595359802246,0.3515264689922333
50,416,0.26671290397644043,0.3505205512046814
50,417,0.26655906438827515,0.350922167301178
50,418,0.26641058921813965,0.35097119212150574
50,419,0.26639729738235474,0.35099363327026367
50,420,0.2659948170185089,0.35203203558921814
50,421,0.2657546103000641,0.35123077034950256
50,422,0.26571255922317505,0.3500897288322449
50,423,0.2654716372489929,0.3520354628562927
50,424,0.2653345763683319,0.3505728840827942
50,425,0.2652202546596527,0.3502803146839142
50,426,0.2649896740913391,0.3502850830554962
50,427,0.26486921310424805,0.349702388048172
50,428,0.2647547423839569,0.34966447949409485
50,429,0.2646903991699219,0.35007908940315247
50,430,0.26457470655441284,0.34973859786987305
50,431,0.26440662145614624,0.34811100363731384
50,432,0.26428425312042236,0.3478512763977051
50,433,0.26405349373817444,0.34791454672813416
50,434,0.2638433277606964,0.3491036295890808
50,435,0.2637801468372345,0.34701937437057495
50,436,0.2637801468372345,0.3487243056297302
50,437,0.2637028098106384,0.3476000428199768
50,438,0.26334530115127563,0.34919461607933044
50,439,0.2630561888217926,0.34717869758605957
50,440,0.26308393478393555,0.34698784351348877
50,441,0.2630581557750702,0.34681186079978943
50,442,0.2626992464065552,0.3475293219089508
50,443,0.2625904083251953,0.34880331158638
50,444,0.26235854625701904,0.3473711907863617
50,445,0.26230573654174805,0.34638917446136475
50,446,0.26221349835395813,0.3474029302597046
50,447,0.2620019018650055,0.34514591097831726
50,448,0.2618328928947449,0.3463588058948517
50,449,0.26167502999305725,0.34550055861473083
50,450,0.2616359293460846,0.3446142375469208
50,451,0.2615357041358948,0.34459736943244934
50,452,0.26138439774513245,0.34401917457580566
50,453,0.2610521614551544,0.34401020407676697
50,454,0.2610359787940979,0.34298834204673767
50,455,0.26097744703292847,0.34370720386505127
50,456,0.26098453998565674,0.3450924754142761
50,457,0.26096248626708984,0.3445027768611908
50,458,0.26075467467308044,0.34563183784484863
50,459,0.2606014609336853,0.345049113035202
50,460,0.2603256404399872,0.34498026967048645
50,461,0.26022467017173767,0.3454860746860504
50,462,0.26005157828330994,0.3446348309516907
50,463,0.2598508894443512,0.343383252620697
50,464,0.25979334115982056,0.3438052535057068
50,465,0.25977805256843567,0.3424624800682068
50,466,0.2594825327396393,0.3424455523490906
50,467,0.25956711173057556,0.34041517972946167
50,468,0.2593657374382019,0.3411511778831482
50,469,0.25942322611808777,0.3414551019668579
50,470,0.25920870900154114,0.34103044867515564
50,471,0.25912341475486755,0.3410990834236145
50,472,0.259012907743454,0.34330087900161743
50,473,0.25876912474632263,0.34167060256004333
50,474,0.25890257954597473,0.34218981862068176
50,475,0.25855427980422974,0.3414623737335205
50,476,0.25852182507514954,0.3401709198951721
50,477,0.25840550661087036,0.34218093752861023
50,478,0.25865644216537476,0.33739787340164185
50,479,0.2582283914089203,0.34023207426071167
50,480,0.2581373453140259,0.3405473530292511
50,481,0.25819462537765503,0.339301198720932
50,482,0.25789788365364075,0.3384358584880829
50,483,0.2577492594718933,0.3410778343677521
50,484,0.2585163414478302,0.33875158429145813
50,485,0.2576327621936798,0.3410153090953827
50,486,0.2576727271080017,0.3409730792045593
50,487,0.25753629207611084,0.337841659784317
50,488,0.25721219182014465,0.338933527469635
50,489,0.2571938931941986,0.33738505840301514
50,490,0.2569850981235504,0.3381517827510834
50,491,0.2568935751914978,0.338540643453598
50,492,0.25678882002830505,0.33853617310523987
50,493,0.25661978125572205,0.3388556241989136
50,494,0.2565888464450836,0.3381364047527313
50,495,0.25672098994255066,0.3378886580467224
50,496,0.256488174200058,0.3375204801559448
50,497,0.25645145773887634,0.3390318751335144
50,498,0.25640156865119934,0.3363697826862335
50,499,0.25612905621528625,0.3373613953590393
50,500,0.2564731538295746,0.33620530366897583
51,1,1.034652590751648,1.1160556077957153
51,2,1.0288307666778564,1.110503911972046
51,3,1.0236868858337402,1.1057220697402954
51,4,1.0189610719680786,1.1013778448104858
51,5,1.0142844915390015,1.0971083641052246
51,6,1.0091891288757324,1.092764139175415
51,7,1.0031942129135132,1.0872783660888672
51,8,0.9945308566093445,1.0802875757217407
51,9,0.9810997247695923,1.0695245265960693
51,10,0.9596899151802063,1.0528327226638794
51,11,0.9255682826042175,1.0278737545013428
51,12,0.8840175271034241,0.9992154240608215
51,13,0.8496599197387695,0.9723430871963501
51,14,0.816676676273346,0.9408473968505859
51,15,0.7863298058509827,0.911271870136261
51,16,0.7579407691955566,0.8834928870201111
51,17,0.7315714359283447,0.8580647706985474
51,18,0.7060721516609192,0.832947313785553
51,19,0.6814000606536865,0.8077322244644165
51,20,0.6595275402069092,0.7852291464805603
51,21,0.6405866146087646,0.7673227787017822
51,22,0.6229940056800842,0.7495384216308594
51,23,0.6066403388977051,0.7334178686141968
51,24,0.5920894742012024,0.7198206186294556
51,25,0.579172670841217,0.7065213322639465
51,26,0.5675185918807983,0.695080578327179
51,27,0.5576412081718445,0.6846049427986145
51,28,0.5486133098602295,0.6758406162261963
51,29,0.5401946902275085,0.6685855984687805
51,30,0.5327556729316711,0.6618248224258423
51,31,0.5260524153709412,0.6560459733009338
51,32,0.5203187465667725,0.6509324908256531
51,33,0.5153951048851013,0.6466361880302429
51,34,0.5104398727416992,0.642091691493988
51,35,0.506170392036438,0.6378008127212524
51,36,0.5026877522468567,0.635062575340271
51,37,0.4995352327823639,0.6309953331947327
51,38,0.4963763654232025,0.6270782947540283
51,39,0.4935551583766937,0.6242654919624329
51,40,0.4910150170326233,0.6220858693122864
51,41,0.48874688148498535,0.6199378967285156
51,42,0.486657053232193,0.6188805103302002
51,43,0.48459383845329285,0.6176291704177856
51,44,0.4827454090118408,0.6155834197998047
51,45,0.48125287890434265,0.6140517592430115
51,46,0.4793151319026947,0.6124517917633057
51,47,0.4778030812740326,0.6115462183952332
51,48,0.4762627184391022,0.6109151244163513
51,49,0.4746280610561371,0.6087439060211182
51,50,0.4731613099575043,0.6076177358627319
51,51,0.4716150760650635,0.6072196960449219
51,52,0.4702538549900055,0.605720579624176
51,53,0.46877503395080566,0.6039130091667175
51,54,0.4670822024345398,0.6024715900421143
51,55,0.4655572772026062,0.6004965305328369
51,56,0.4637852609157562,0.5994051098823547
51,57,0.4620932340621948,0.5988095998764038
51,58,0.460528165102005,0.5982134342193604
51,59,0.4587463140487671,0.595507800579071
51,60,0.45710286498069763,0.5942188501358032
51,61,0.45534342527389526,0.5930681824684143
51,62,0.4536539316177368,0.5919864177703857
51,63,0.4520754814147949,0.5890579223632812
51,64,0.4506380259990692,0.5876038670539856
51,65,0.44924676418304443,0.5870657563209534
51,66,0.4478495121002197,0.5859260559082031
51,67,0.4465292990207672,0.5843902826309204
51,68,0.4449591636657715,0.5821402072906494
51,69,0.44385823607444763,0.5816114544868469
51,70,0.44278982281684875,0.5798622369766235
51,71,0.44144752621650696,0.5787191987037659
51,72,0.4400845170021057,0.5772403478622437
51,73,0.43890926241874695,0.576370894908905
51,74,0.4377475380897522,0.5752996206283569
51,75,0.436566561460495,0.5744907259941101
51,76,0.43538936972618103,0.5734800696372986
51,77,0.43428024649620056,0.5719165802001953
51,78,0.4331391155719757,0.5705350637435913
51,79,0.43228745460510254,0.570766031742096
51,80,0.43117755651474,0.570512592792511
51,81,0.4301360845565796,0.5699524879455566
51,82,0.42900222539901733,0.5684753060340881
51,83,0.42790690064430237,0.5673956274986267
51,84,0.42687681317329407,0.5663209557533264
51,85,0.4259639084339142,0.5649769306182861
51,86,0.42493340373039246,0.5636633038520813
51,87,0.42383795976638794,0.5625578165054321
51,88,0.4228620231151581,0.5627952218055725
51,89,0.4218291938304901,0.561775803565979
51,90,0.42086261510849,0.5605709552764893
51,91,0.4198896288871765,0.5599576830863953
51,92,0.41893789172172546,0.5601389408111572
51,93,0.41799476742744446,0.558144211769104
51,94,0.41739898920059204,0.557667076587677
51,95,0.41616198420524597,0.5549748539924622
51,96,0.41518571972846985,0.5545206665992737
51,97,0.414385586977005,0.5554123520851135
51,98,0.41316279768943787,0.5526949167251587
51,99,0.41217097640037537,0.5516622066497803
51,100,0.41132137179374695,0.5514525771141052
51,101,0.4103268086910248,0.5508255958557129
51,102,0.4096129834651947,0.5483316779136658
51,103,0.4087512195110321,0.547758936882019
51,104,0.4075891673564911,0.5467410683631897
51,105,0.40666675567626953,0.5460396409034729
51,106,0.4058908224105835,0.5445716381072998
51,107,0.4047798812389374,0.5448629260063171
51,108,0.40399953722953796,0.5454905033111572
51,109,0.4035605192184448,0.5463413000106812
51,110,0.40244802832603455,0.5461627244949341
51,111,0.4015210270881653,0.5453307628631592
51,112,0.4006182849407196,0.5440964698791504
51,113,0.39976218342781067,0.5441387295722961
51,114,0.3990257978439331,0.543647825717926
51,115,0.3981989324092865,0.5443205237388611
51,116,0.3973008990287781,0.5424048900604248
51,117,0.39677709341049194,0.5419507026672363
51,118,0.39612460136413574,0.5396705269813538
51,119,0.3952502906322479,0.5388239622116089
51,120,0.39459437131881714,0.537848174571991
51,121,0.3938085734844208,0.5390536785125732
51,122,0.39359524846076965,0.5373415350914001
51,123,0.39260873198509216,0.5371087789535522
51,124,0.39196255803108215,0.5376275181770325
51,125,0.39124250411987305,0.5370174050331116
51,126,0.3908196687698364,0.5377936959266663
51,127,0.39041534066200256,0.5365986227989197
51,128,0.38967642188072205,0.5349645614624023
51,129,0.3889654576778412,0.5346916317939758
51,130,0.3882206976413727,0.5352265238761902
51,131,0.3878270387649536,0.5367708802223206
51,132,0.38717901706695557,0.5336639881134033
51,133,0.386726051568985,0.5324496626853943
51,134,0.38601917028427124,0.5327624678611755
51,135,0.38533535599708557,0.5335672497749329
51,136,0.38474687933921814,0.5330402851104736
51,137,0.3840900659561157,0.5332412123680115
51,138,0.3834865689277649,0.5329651236534119
51,139,0.3836767077445984,0.5301644802093506
51,140,0.38288456201553345,0.5318549275398254
51,141,0.3822915554046631,0.5324165225028992
51,142,0.3817357122898102,0.5339415073394775
51,143,0.3808289170265198,0.5327168703079224
51,144,0.3803950548171997,0.5322060585021973
51,145,0.37966808676719666,0.5331500172615051
51,146,0.3792875409126282,0.5334994196891785
51,147,0.3786143362522125,0.5313606262207031
51,148,0.378412663936615,0.5320428013801575
51,149,0.37775737047195435,0.5299424529075623
51,150,0.3771987855434418,0.5305529236793518
51,151,0.37670692801475525,0.5305240750312805
51,152,0.3763272762298584,0.5298094153404236
51,153,0.3759683072566986,0.5318222045898438
51,154,0.37559986114501953,0.5337681174278259
51,155,0.37471792101860046,0.5293833613395691
51,156,0.3740158975124359,0.5298867225646973
51,157,0.373880535364151,0.5303078293800354
51,158,0.37317970395088196,0.5298193097114563
51,159,0.37254834175109863,0.5294004082679749
51,160,0.37221574783325195,0.5295121669769287
51,161,0.3716611862182617,0.5288292765617371
51,162,0.3711485266685486,0.5302212834358215
51,163,0.3708503544330597,0.5274968147277832
51,164,0.3702046871185303,0.5280526876449585
51,165,0.369745671749115,0.5274060964584351
51,166,0.36918798089027405,0.5266208052635193
51,167,0.3685227334499359,0.525891900062561
51,168,0.3680708706378937,0.5270555019378662
51,169,0.36732107400894165,0.5261033177375793
51,170,0.3668608069419861,0.527475893497467
51,171,0.36617565155029297,0.5263857841491699
51,172,0.3659120500087738,0.5234768390655518
51,173,0.3651134669780731,0.5258289575576782
51,174,0.36486807465553284,0.5271203517913818
51,175,0.3642818331718445,0.5243138670921326
51,176,0.3637317717075348,0.524389922618866
51,177,0.3634342849254608,0.5267230272293091
51,178,0.3624862730503082,0.5250526070594788
51,179,0.3620050549507141,0.5235543251037598
51,180,0.36146602034568787,0.524750292301178
51,181,0.3609219193458557,0.5261873006820679
51,182,0.3601859509944916,0.5235933661460876
51,183,0.36004483699798584,0.5222172737121582
51,184,0.3596965968608856,0.5233234763145447
51,185,0.35845404863357544,0.5210006833076477
51,186,0.3576832413673401,0.5232661366462708
51,187,0.35770702362060547,0.5228115320205688
51,188,0.3566603660583496,0.5232300758361816
51,189,0.35616838932037354,0.5222278833389282
51,190,0.35576358437538147,0.5207313895225525
51,191,0.3547639846801758,0.5220124125480652
51,192,0.35447973012924194,0.5228530168533325
51,193,0.3538593351840973,0.5212734937667847
51,194,0.3531710207462311,0.5224831104278564
51,195,0.352706640958786,0.5227274894714355
51,196,0.3524104356765747,0.5188194513320923
51,197,0.3514779806137085,0.5206189155578613
51,198,0.3508960008621216,0.5203376412391663
51,199,0.3501651883125305,0.5188154578208923
51,200,0.34964945912361145,0.519974410533905
51,201,0.3489115834236145,0.5202493667602539
51,202,0.3484112024307251,0.5197352766990662
51,203,0.34769320487976074,0.5181507468223572
51,204,0.3472546637058258,0.5181315541267395
51,205,0.3468624949455261,0.5183836221694946
51,206,0.346454381942749,0.5202119946479797
51,207,0.3471284806728363,0.5143218636512756
51,208,0.3454415798187256,0.5161044597625732
51,209,0.34480008482933044,0.5164321660995483
51,210,0.3438068926334381,0.5136358737945557
51,211,0.344159334897995,0.5150149464607239
51,212,0.343145489692688,0.5137484669685364
51,213,0.34198111295700073,0.5154251456260681
51,214,0.341521292924881,0.5168134570121765
51,215,0.34068015217781067,0.5145115852355957
51,216,0.34037330746650696,0.5151551961898804
51,217,0.3400159478187561,0.513393759727478
51,218,0.33897218108177185,0.5111972093582153
51,219,0.3381250202655792,0.5125088691711426
51,220,0.3376617133617401,0.5116099119186401
51,221,0.33737191557884216,0.5119635462760925
51,222,0.33634600043296814,0.5106857419013977
51,223,0.33610811829566956,0.5119127035140991
51,224,0.33547645807266235,0.5118211507797241
51,225,0.3346187174320221,0.5113206505775452
51,226,0.3341127932071686,0.5094225406646729
51,227,0.3333818018436432,0.5101248025894165
51,228,0.3328888714313507,0.5097288489341736
51,229,0.3327771723270416,0.5054836869239807
51,230,0.3320707678794861,0.5063298940658569
51,231,0.331521213054657,0.5080710053443909
51,232,0.33150291442871094,0.5077235698699951
51,233,0.3303958773612976,0.5092334747314453
51,234,0.32988211512565613,0.5091655850410461
51,235,0.32971954345703125,0.506382942199707
51,236,0.3290168344974518,0.5049558281898499
51,237,0.3288494348526001,0.506443202495575
51,238,0.32786232233047485,0.5027966499328613
51,239,0.3276063799858093,0.5049870014190674
51,240,0.32681551575660706,0.5049763321876526
51,241,0.3265014588832855,0.5042440891265869
51,242,0.32674041390419006,0.5049412250518799
51,243,0.32590124011039734,0.503330409526825
51,244,0.32539424300193787,0.5029905438423157
51,245,0.32521581649780273,0.5014006495475769
51,246,0.3248530626296997,0.5032708048820496
51,247,0.3244507908821106,0.5020771026611328
51,248,0.32339879870414734,0.5011681318283081
51,249,0.3232905864715576,0.4969133138656616
51,250,0.3225651979446411,0.4982736110687256
51,251,0.3219110071659088,0.4974159896373749
51,252,0.32187628746032715,0.49772128462791443
51,253,0.3214642405509949,0.49790361523628235
51,254,0.3210087716579437,0.49811601638793945
51,255,0.32032278180122375,0.49803832173347473
51,256,0.32023218274116516,0.4971700608730316
51,257,0.3197824954986572,0.4950561225414276
51,258,0.31915923953056335,0.4972628951072693
51,259,0.3191775977611542,0.49714866280555725
51,260,0.31862732768058777,0.49713414907455444
51,261,0.3184579312801361,0.4963071644306183
51,262,0.3179391622543335,0.4966132640838623
51,263,0.31762370467185974,0.4978606700897217
51,264,0.3176092803478241,0.49561014771461487
51,265,0.3168562650680542,0.49271103739738464
51,266,0.3161638677120209,0.49345120787620544
51,267,0.3156563341617584,0.4932578504085541
51,268,0.31593525409698486,0.49415236711502075
51,269,0.31579288840293884,0.49399101734161377
51,270,0.31542664766311646,0.4922600984573364
51,271,0.3150480389595032,0.4939436912536621
51,272,0.31426021456718445,0.49249279499053955
51,273,0.3141753077507019,0.49089235067367554
51,274,0.3139294981956482,0.4911961257457733
51,275,0.3133662939071655,0.4911530613899231
51,276,0.312691330909729,0.49384158849716187
51,277,0.3123249113559723,0.49105897545814514
51,278,0.31193113327026367,0.49314841628074646
51,279,0.31158605217933655,0.49090829491615295
51,280,0.31174150109291077,0.492368221282959
51,281,0.3115758001804352,0.49585869908332825
51,282,0.3113369941711426,0.491201251745224
51,283,0.3105632960796356,0.492037832736969
51,284,0.31074610352516174,0.4898320138454437
51,285,0.31020164489746094,0.49084120988845825
51,286,0.309749037027359,0.49110281467437744
51,287,0.3099168837070465,0.489999383687973
51,288,0.3096325695514679,0.4890199601650238
51,289,0.30938875675201416,0.48888102173805237
51,290,0.3089108467102051,0.4902125298976898
51,291,0.30836403369903564,0.4914056956768036
51,292,0.308217316865921,0.48825788497924805
51,293,0.30802974104881287,0.4866349697113037
51,294,0.3077543377876282,0.48769792914390564
51,295,0.3070656657218933,0.48678839206695557
51,296,0.30726125836372375,0.48647409677505493
51,297,0.3070944845676422,0.4880814254283905
51,298,0.30670157074928284,0.4878663122653961
51,299,0.30676501989364624,0.4864967167377472
51,300,0.30655768513679504,0.48768502473831177
51,301,0.30660849809646606,0.48314544558525085
51,302,0.3064758777618408,0.48881855607032776
51,303,0.30554381012916565,0.48416197299957275
51,304,0.3050369620323181,0.4859996438026428
51,305,0.30524808168411255,0.48663949966430664
51,306,0.30542153120040894,0.48246341943740845
51,307,0.30449217557907104,0.48314380645751953
51,308,0.30462175607681274,0.48305821418762207
51,309,0.30393186211586,0.48205798864364624
51,310,0.3037566840648651,0.48409441113471985
51,311,0.3035148084163666,0.4836862087249756
51,312,0.3031958043575287,0.4852904677391052
51,313,0.3042411506175995,0.4813969135284424
51,314,0.3034766912460327,0.48464345932006836
51,315,0.3033354580402374,0.48433002829551697
51,316,0.30271339416503906,0.4854564368724823
51,317,0.30295330286026,0.4849088191986084
51,318,0.3021240234375,0.48596104979515076
51,319,0.3023366630077362,0.48049530386924744
51,320,0.30143389105796814,0.48246297240257263
51,321,0.3012291193008423,0.4784497618675232
51,322,0.3012743592262268,0.4807364046573639
51,323,0.3012099862098694,0.4802069365978241
51,324,0.3009440004825592,0.48405978083610535
51,325,0.30133575201034546,0.47867369651794434
51,326,0.30034902691841125,0.48158445954322815
51,327,0.3000829517841339,0.47903043031692505
51,328,0.29975801706314087,0.4809921681880951
51,329,0.29952430725097656,0.48256000876426697
51,330,0.299630731344223,0.48174867033958435
51,331,0.2996858060359955,0.48027804493904114
51,332,0.2996360957622528,0.4818483591079712
51,333,0.29893115162849426,0.4780278205871582
51,334,0.2992304861545563,0.48037663102149963
51,335,0.3005911409854889,0.47733449935913086
51,336,0.2997891902923584,0.48048681020736694
51,337,0.2989164888858795,0.47794613242149353
51,338,0.2978385090827942,0.4780839681625366
51,339,0.29760605096817017,0.47860026359558105
51,340,0.2978470027446747,0.48020005226135254
51,341,0.2979547679424286,0.4762813448905945
51,342,0.2974264919757843,0.47865965962409973
51,343,0.2968806326389313,0.47837138175964355
51,344,0.2969570755958557,0.4749046564102173
51,345,0.29743722081184387,0.47609853744506836
51,346,0.296711266040802,0.47593966126441956
51,347,0.29627856612205505,0.4755471348762512
51,348,0.2977028489112854,0.4789443910121918
51,349,0.29665207862854004,0.4702063500881195
51,350,0.2960309088230133,0.4747023582458496
51,351,0.2953238785266876,0.4753541052341461
51,352,0.2955814599990845,0.4763088524341583
51,353,0.29554420709609985,0.47679463028907776
51,354,0.29503270983695984,0.47445791959762573
51,355,0.2955862283706665,0.47787535190582275
51,356,0.2961070239543915,0.473888635635376
51,357,0.2950741946697235,0.47403833270072937
51,358,0.29486405849456787,0.4759002923965454
51,359,0.29437386989593506,0.47306525707244873
51,360,0.29379019141197205,0.47207051515579224
51,361,0.2938167452812195,0.46791717410087585
51,362,0.2934458255767822,0.47049418091773987
51,363,0.2934682071208954,0.47367608547210693
51,364,0.2929267883300781,0.47186100482940674
51,365,0.2934621274471283,0.47171342372894287
51,366,0.2927076816558838,0.4696522653102875
51,367,0.292561799287796,0.4696494936943054
51,368,0.29214903712272644,0.4691062569618225
51,369,0.29180556535720825,0.46870437264442444
51,370,0.29192817211151123,0.4686501920223236
51,371,0.29170915484428406,0.4658505618572235
51,372,0.291617214679718,0.4653776288032532
51,373,0.2916789948940277,0.46894755959510803
51,374,0.29243823885917664,0.46385881304740906
51,375,0.2914198040962219,0.46700698137283325
51,376,0.2908577024936676,0.4681776165962219
51,377,0.2907133102416992,0.46749716997146606
51,378,0.29147881269454956,0.46567824482917786
51,379,0.2909061908721924,0.46616020798683167
51,380,0.29051998257637024,0.4630022644996643
51,381,0.2902059555053711,0.46374380588531494
51,382,0.2902042865753174,0.4634896516799927
51,383,0.2898481488227844,0.46395161747932434
51,384,0.28938671946525574,0.4624391198158264
51,385,0.2895442545413971,0.45903298258781433
51,386,0.2895291745662689,0.46251168847084045
51,387,0.2886803448200226,0.4600559175014496
51,388,0.289021372795105,0.4602912962436676
51,389,0.2888721525669098,0.46094200015068054
51,390,0.2879379093647003,0.4585956931114197
51,391,0.2881225645542145,0.45938825607299805
51,392,0.2878659665584564,0.4618258476257324
51,393,0.28752821683883667,0.462066650390625
51,394,0.28767716884613037,0.46055686473846436
51,395,0.28760361671447754,0.4591136574745178
51,396,0.28725966811180115,0.457061231136322
51,397,0.2865426540374756,0.45953115820884705
51,398,0.28658920526504517,0.4593757092952728
51,399,0.286415696144104,0.45774349570274353
51,400,0.28610342741012573,0.4565627872943878
51,401,0.28598710894584656,0.45736730098724365
51,402,0.2854721248149872,0.4568477272987366
51,403,0.2852146029472351,0.45757177472114563
51,404,0.28543639183044434,0.4568844437599182
51,405,0.28520649671554565,0.45459169149398804
51,406,0.2852841019630432,0.45692768692970276
51,407,0.28480690717697144,0.4532213509082794
51,408,0.2848125994205475,0.45491456985473633
51,409,0.2844494879245758,0.4532091021537781
51,410,0.28414082527160645,0.4515211880207062
51,411,0.2839898467063904,0.452798992395401
51,412,0.2835276424884796,0.45303523540496826
51,413,0.2837921679019928,0.45212408900260925
51,414,0.2830200493335724,0.4528171122074127
51,415,0.2832458019256592,0.45118463039398193
51,416,0.28254303336143494,0.44973164796829224
51,417,0.2822791337966919,0.4497736990451813
51,418,0.28203803300857544,0.4468696117401123
51,419,0.2818605601787567,0.449541300535202
51,420,0.28152188658714294,0.44961196184158325
51,421,0.2816314697265625,0.4468168020248413
51,422,0.281769722700119,0.4497014880180359
51,423,0.280965656042099,0.4468124806880951
51,424,0.2809874713420868,0.4453624486923218
51,425,0.28072020411491394,0.4459095597267151
51,426,0.28025275468826294,0.44667184352874756
51,427,0.2800804078578949,0.4474540054798126
51,428,0.27989277243614197,0.4462956190109253
51,429,0.2797776162624359,0.4463788866996765
51,430,0.2794724702835083,0.4452722370624542
51,431,0.27948054671287537,0.445285826921463
51,432,0.2790267765522003,0.4454423487186432
51,433,0.27874502539634705,0.4453159272670746
51,434,0.2786477506160736,0.44572848081588745
51,435,0.2781692445278168,0.4450562000274658
51,436,0.27813705801963806,0.44294416904449463
51,437,0.2780126631259918,0.44237253069877625
51,438,0.2777407467365265,0.4425240457057953
51,439,0.2775106132030487,0.44364723563194275
51,440,0.27774757146835327,0.4408339262008667
51,441,0.27684545516967773,0.44069260358810425
51,442,0.27665841579437256,0.4436192214488983
51,443,0.2772004008293152,0.4404391348361969
51,444,0.27666163444519043,0.4381682872772217
51,445,0.2761407494544983,0.43992850184440613
51,446,0.2764878273010254,0.44102492928504944
51,447,0.2761976718902588,0.43933138251304626
51,448,0.27680671215057373,0.44349920749664307
51,449,0.27607807517051697,0.4421522915363312
51,450,0.27570295333862305,0.43876636028289795
51,451,0.2755180597305298,0.44002559781074524
51,452,0.27498018741607666,0.43636569380760193
51,453,0.2746373414993286,0.43658819794654846
51,454,0.274325430393219,0.4390856921672821
51,455,0.2739761471748352,0.4386700987815857
51,456,0.2737780511379242,0.4378248453140259
51,457,0.27379095554351807,0.44076481461524963
51,458,0.2735007107257843,0.4394198954105377
51,459,0.27338728308677673,0.4362418055534363
51,460,0.2733994424343109,0.4360595643520355
51,461,0.27298933267593384,0.4367225468158722
51,462,0.2724563479423523,0.4349255859851837
51,463,0.27255475521087646,0.4326409697532654
51,464,0.272212415933609,0.4334843158721924
51,465,0.27205216884613037,0.43535441160202026
51,466,0.27266672253608704,0.4318510890007019
51,467,0.27188917994499207,0.4300954043865204
51,468,0.2713559567928314,0.43347224593162537
51,469,0.2714030146598816,0.43488696217536926
51,470,0.27145299315452576,0.433860719203949
51,471,0.2711903154850006,0.4327986240386963
51,472,0.27115967869758606,0.4324951469898224
51,473,0.2708301842212677,0.4306893050670624
51,474,0.2707321047782898,0.4337829649448395
51,475,0.2701475918292999,0.4338260293006897
51,476,0.2699298858642578,0.4325145184993744
51,477,0.27021530270576477,0.4324501156806946
51,478,0.2699868381023407,0.43178457021713257
51,479,0.2691846489906311,0.4316279888153076
51,480,0.2693938612937927,0.4318338930606842
51,481,0.2688707113265991,0.4295036792755127
51,482,0.26910942792892456,0.4306907653808594
51,483,0.26845261454582214,0.42982906103134155
51,484,0.26838237047195435,0.42971399426460266
51,485,0.2689204514026642,0.4315161108970642
51,486,0.26839643716812134,0.43180155754089355
51,487,0.2682375907897949,0.43079447746276855
51,488,0.2680041193962097,0.43075382709503174
51,489,0.26744452118873596,0.42845627665519714
51,490,0.26871973276138306,0.433445006608963
51,491,0.26763081550598145,0.4288102686405182
51,492,0.26718205213546753,0.42920589447021484
51,493,0.2672134339809418,0.4292263090610504
51,494,0.26690489053726196,0.42685791850090027
51,495,0.2672858238220215,0.42774173617362976
51,496,0.26736482977867126,0.42973995208740234
51,497,0.26692822575569153,0.4277389943599701
51,498,0.2662266492843628,0.4278201460838318
51,499,0.26620346307754517,0.42719998955726624
51,500,0.2663029730319977,0.42814570665359497
